Word,Frequency,Ignore
bank,91347
raj,1700
company,3686
india,17021
limited,32078
sustainable,1845
commercial,1864
finance,68870
inferno,6
fire,118
fighting,6
krishna,2376
distributors,476
financial,6403
services,9106
milan,251
credit,8623
society,1526
ssa,4
private,4304
clear,29
media,595
remedies,236
capital,24495
taro,18
axis,6787
fashions,398
gold,178
shah,10464
apparels,285
industries,6520
blue,196
star,324
air,226
travel,268
enterprises,6315
lime,33
depot,356
anil,3782
great,174
white,228
global,1630
representative,128
knitwear,13
technology,257
yes,347
estate,217
developers,1989
health,320
specialities,73
chemicals,1939
thread,6
progressive,31
cachet,34
pharmaceuticals,798
formulations,24
state,1045
sameer,1016
infra,609
realty,393
jain,6108
shamrock,3
acc,98
trends,33
build,86
tech,691
pol,99
shiraz,40
kore,66
inc,185
banquets,19
catering,50
forum,28
sports,103
freedom,2
expression,3
associates,1245
minerva,8
garden,56
court,15
distilleries,45
active,9
alpha,40
advisors,48
beacon,22
trusteeship,62
century,109
constituted,31
attorney,83
nandu,182
proprietor,709
fashion,644
square,63
mumbai,926
trading,2278
pct,13
herbal,25
care,577
ginning,12
pressing,40
gala,689
engineering,1701
home,1062
traders,1522
mali,425
corner,182
mrs,4708
khan,8219
international,1714
district,173
central,429
ace,74
hygiene,18
products,1012
industrial,554
alliances,6
cosmos,84
housing,3613
corporation,5208
pharma,980
bombay,821
dyeing,84
manufacturing,135
web,79
branch,18
alpine,13
stampings,12
salve,377
gas,734
sales,804
opera,7
clothing,296
containers,103
impress,4
perfect,122
silk,423
mills,1011
writer,8
business,840
vacs,2
denims,24
proud,5
securities,763
credits,7
mona,52
mary,350
rosario,13
prop,1482
woolen,3
primal,23
angel,108
nagari,529
marketing,856
mane,703
master,98
solutions,1674
network,251
investments,290
ivy,5
scorpion,15
first,23066
bharat,2776
tara,108
employee,3
insurance,437
warehousing,42
travels,1222
feel,2
express,616
green,162
channel,40
consultancy,221
asset,73
reconstruction,71
synergy,20
ginger,28
kennedy,10
authorised,104
officer,85
graphics,134
reliance,8313
ram,2499
bai,55
charity,7
trust,288
classic,275
art,247
print,224
creative,141
designers,27
enterprise,643
textiles,1134
wires,77
libra,23
holding,55
dharma,148
polymers,384
salim,998
gandhi,1057
imaging,155
building,92
material,61
knits,14
fabrics,438
sons,529
punjab,873
national,541
airline,2
jog,32
press,94
metals,350
funky,7
creation,403
touch,63
sun,202
works,715
jan,48
mohammed,2135
heather,2
cosmetics,39
eureka,20
styles,10
arts,194
miss,1137
isaac,24
anthony,403
machinery,111
bid,16
operative,210
boilers,12
aditi,86
garments,349
roof,9
wall,210
cladding,8
systems,857
info,54
super,247
tiles,95
marble,46
oil,491
refinery,53
bureau,11
jay,589
instruments,57
vilas,1152
creations,272
shankar,2862
lube,9
land,118
ganger,11
hamilton,25
total,42
ropes,11
next,72
radio,67
inks,27
parvati,55
aspire,54
uma,218
trade,701
links,103
percept,15
advertising,475
foundation,248
symphony,4
sonar,112
chemical,618
kale,505
nas,4
contracts,14
loans,50
apparel,81
park,67
valerian,18
auto,1511
designs,88
max,959
signage,24
entertainment,349
mohammad,1051
gill,125
panama,33
medical,338
flex,103
commodities,172
maharashtra,2913
king,36
centre,566
infinity,24
spares,47
tools,217
jewellers,362
vishnu,1032
pioneer,112
neo,35
growth,28
processed,3
foods,611
two,39
wheelers,20
ganesh,2427
dresses,50
studio,129
beverages,115
synthetics,254
turtle,10
ply,53
station,88
photo,101
offset,111
net,71
hopscotch,4
wholesale,39
quick,20
jena,132
meet,16
seth,274
motors,42568
duplex,24
johnson,134
dye,150
real,206
projects,537
plastics,251
metal,928
ali,2686
wood,73
onward,4
maintenance,8
fortune,80
integrated,189
assets,34
dimple,108
punjabi,314
vibrant,9
shaw,87
bade,39
sunshine,46
hoya,8
lens,16
exports,725
aditya,5782
pms,4
grate,2
floorings,3
zee,62
khalsa,8
issues,10
baba,112
bane,135
food,279
paul,298
sayed,907
prime,941
focus,29
town,39
malik,372
interactive,44
hfc,2
transport,1256
mill,117
prominent,6
viva,90
facility,65
trustee,15
soma,109
logistics,970
herbals,25
technologies,908
biotech,133
venus,98
fittings,54
valves,49
oxygen,5
steel,1897
fitting,20
brahman,6
control,100
equipment,153
diligent,10
investment,9050
mar,13
rns,3
sanas,73
saddam,29
spectrum,40
diagnostics,162
united,183
munj,6
orient,49
beckett,2
rankine,2
loot,66
employees,40
gauri,109
consultants,157
rama,458
bungalow,4
gourmet,23
babu,1118
swami,338
design,143
ceramics,239
agency,726
leasing,502
latin,10
edelweiss,1454
fin,1185
edelweisss,2
jagannath,742
smile,29
mak,21
ventures,223
steels,812
augustine,43
movies,27
prism,62
bhakti,69
bihari,94
city,411
western,87
measure,2
age,55
wave,16
precision,96
instrument,24
kraft,47
prajapati,665
stores,520
clubs,6
captain,19
engineer,67
pat,436
yogi,43
midas,23
rendezvous,3
shiv,717
aum,37
monarch,271
papers,131
paper,562
water,114
ship,43
management,299
aires,2
dias,85
dia,16
brothers,228
das,1038
medicare,103
aphelion,11063
image,19
collection,278
cards,291
payment,12
arc,333
door,9
bazaar,44
broadcast,23
scan,84
knit,37
processing,17
natural,47
capsules,24
deep,213
architects,23
service,799
cements,68
rana,339
development,2085
chits,2677
vision,159
dairy,155
farm,152
standard,2568
chartered,2405
indus,116
vac,3
pac,12
granites,32
union,308
bell,201
faith,6
hemal,78
builders,689
escalations,3
ware,40
atom,3
publication,137
textile,354
sing,173
sika,14
speciality,145
welcome,18
victor,102
santa,9
sealants,2
adhesives,33
foams,12
laminates,43
four,65
public,81
relation,4
indian,703
hire,84
purchase,26
ibrahim,545
packaging,349
premier,140
office,32
new,2267
anna,110
post,19
production,70
hotels,202
glass,250
system,290
edward,55
triton,4
maritime,37
oriental,23
overseas,386
okay,3
durga,223
world,323
wide,50
lawyers,3
chambers,5
premises,36
back,10
spine,6
sable,140
advantage,8
fund,53
mann,24
pharmaceutical,140
merino,30
polymer,72
haji,217
siemens,2041
stationers,19
path,52
anchor,128
west,100
properties,897
share,118
canara,46
saran,36
victoria,21
restaurants,57
product,124
eden,19
agencies,722
jewellery,159
prints,151
commerce,35
ion,29
exchange,39
silverpoint,5
assured,16
chafe,3
yoke,5
aba,43
trim,10
resources,111
commodity,32
electronic,86
oka,8
life,631
plywood,90
catalyst,6
tours,672
equip,9
reliable,65
milk,75
optical,92
supply,128
maharaja,23
casual,5
everest,38
flavours,12
atlanta,10
forms,21
infrastructure,1085
excel,39
glasses,4
tea,61
foils,30
hans,63
construction,1192
odyssey,6
mahatma,49
education,169
center,121
corporate,54
leisure,51
regal,58
ester,6
grace,29
road,116
princess,13
metropolis,5
healthcare,412
saba,59
news,30
shares,42
transformers,62
bait,34
boards,31
marathi,7
granth,6
fine,131
felts,2
fibre,16
ebony,2
timber,130
decor,89
paras,323
coop,33
coal,42
consumer,2120
ambit,132
electronics,1009
enterprisess,3
roman,11
wear,133
forge,73
mis,12
alloys,272
petroleum,104
charitable,54
data,96
goldfield,3
fragrances,12
crescent,42
williams,23
paints,387
hardware,212
additives,8
maratha,45
color,61
motor,642
kores,18
laboratories,364
gilt,2
mode,8
amir,214
rural,87
crystal,50
tubes,277
gammon,36
logistic,126
labour,21
cases,5
modern,86
terry,5
towels,5
enforcement,2
police,107
sita,63
daily,18
ampoules,16
dole,12
pathan,436
small,3706
john,497
wesley,4
wire,120
wireless,10
carriers,214
tho,5
leo,51
outfits,5
lite,26
way,20
creator,19
market,156
link,125
red,42
petrol,26
roaming,2
kids,70
publishing,28
personality,2
lad,203
husain,449
hyderabad,40
resin,4
emerald,30
zeroes,2
ones,2
computing,2
plastic,210
garment,118
cables,80
jupiter,47
prompt,8
toys,192
cancer,8
anis,143
quality,77
airlines,15
bind,40
may,3
book,410
binding,16
telecom,887
devices,35
sensations,2
orbit,147
point,115
colour,109
greaves,156
cotton,125
provision,29
store,242
sunrise,94
poultry,49
ray,152
hindustan,165
dude,3
sunder,365
syndicate,112
engineers,745
electric,200
organics,329
gujarat,98
export,280
inspector,27
legal,141
metrology,12
team,24
phosphorus,59
telefilms,11
film,67
charted,58
std,2
teen,5
ranker,2
senorita,4
breweries,12
motels,40
structural,59
abc,14
bearing,89
stanley,27
soaps,6
lifestyle,228
bennet,4
lighting,53
authorized,79
rajput,554
mothers,10
fasteners,19
islam,170
strong,4
plant,14
networks,50
fab,146
zed,4
devi,696
gifting,6
ideas,8
ideal,28
linens,7
pinky,113
mfs,3
ethnic,10
lakshmi,269
money,1416
lenders,10
managers,7
software,107
shark,2
ink,34
popular,71
babar,83
rich,29
lloyd,12
insulations,12
unique,175
cookware,6
mark,75
labels,9
group,320
guards,4
voltas,28
biosciences,22
brand,21
zen,10
cruises,3
poa,13
millennium,32
par,11
ras,8
rhythm,9
general,598
dirt,2
busters,2
baby,48
chemistry,2
relic,3
happy,35
hospitality,267
container,82
tires,3
areal,2
import,50
exclusive,14
mirage,52
suppliers,111
rubber,103
seven,56
heads,7
partner,122
trimmings,2
automatic,11
distribution,70
autobahn,2
tamil,20
tyres,90
brands,43
mansi,116
allied,156
mule,74
merchants,37
mix,12
concrete,102
feeds,45
heath,7
oils,45
seeds,55
earth,170
movers,289
mart,178
david,129
jerome,25
nee,15
index,24
beaver,2
dams,1
ess,15
dynamic,39
dolly,30
organic,417
flexible,27
associated,147
architectural,26
orris,3
mines,25
salt,8
times,48
pack,139
jasmine,47
publications,329
artwork,6
jolly,47
consultant,65
rosemary,5
regina,2
force,20
manna,56
paramount,48
pal,1035
ford,42
cello,8
laser,20
coals,2
pushing,2
pictures,39
woodcraft,5
cottage,10
ambrose,10
marian,17
urban,260
sunny,279
shipping,383
elevators,42
components,91
easy,12
ride,1
tank,82
clothings,12
adam,67
nine,27
energies,10
ratan,335
apple,97
designer,54
mint,2
moulding,28
gita,57
solution,457
dyestuff,43
coated,18
veer,134
imperial,64
heights,22
mogul,66
hanuman,172
rose,77
jewels,142
estates,72
plants,69
veda,8
sham,148
salian,132
amaze,2
shiva,190
work,82
mall,83
wardrobe,4
bavaria,1
euro,117
panel,113
recycling,12
neutron,5
alliance,36
cinemas,4
electrical,151
avid,1
aril,4
purple,29
floors,2
elevate,2
developer,80
viral,169
comfort,38
sheikh,292
spark,48
solar,45
blades,1
aqua,84
drinks,7
escorts,5
forefront,3
ors,15498
fitness,88
amish,58
household,27
marbles,32
resins,53
sick,3
plus,78
pilot,12
opulent,1
event,22
vacation,1
planners,6
kartik,132
austin,36
andrew,30
multiple,3
aura,40
shelters,51
kcs,5
markings,4
petrochemical,17
ceramic,28
tailor,52
defense,1
naval,49
shopping,36
machine,106
diagnostic,100
constructions,429
dash,124
lawrence,96
kitchen,125
consulting,55
tenth,2
source,30
pro,105
aerolite,1
colours,51
cyril,22
royal,692
phoenix,351
distributers,5
opticians,35
bright,104
appliances,242
fit,14
chile,12
connect,16
tube,122
joseph,584
solomon,23
babel,6
family,103
wealth,16
research,206
one,1773
pen,48
raja,385
nipa,30
praxis,3
matthew,3
epitome,6
nursing,34
gases,22
hotel,234
noel,41
karat,8
primes,2
pavan,174
treading,1
sane,45
yarn,37
landmark,61
realtors,221
radix,4
richards,3
samuel,98
savvy,5
weil,18
marc,2
benedict,24
baptist,21
mould,16
base,11
alias,310
accreditation,9
commission,10
conformity,9
assessment,11
bodies,10
publicity,66
industry,60
fuel,30
yarns,63
digital,189
spare,7
parts,67
kshatriya,47
prof,8
structures,32
shakti,425
fixtures,20
merchant,396
swiss,6
house,457
marine,219
security,90
intelligence,8
cyrus,40
combines,10
vat,1
box,29
trio,4
dubai,2
flame,4
flair,21
writing,61
robert,127
homes,2348
thomas,272
nagi,36
civil,32
contractors,77
telecoms,8
speedways,1
surya,196
power,1158
packs,14
jewel,32
rudra,66
sageer,17
east,92
drums,7
barrels,3
irrigation,57
sunflower,24
address,1
shop,105
bari,42
degree,19
five,20
drug,62
sutra,6
resorts,96
right,19
apt,8
choice,36
keeping,2
stone,134
crusher,17
veg,17
treat,1
serve,8
cargo,304
framing,1
lamination,47
ascent,9
petrochemicals,71
pacific,118
twinkle,19
founders,11
ass,4
eyesight,1
magic,24
roma,48
michael,110
petals,4
antibiotics,6
decker,1
rectifier,2
corp,1828
advance,62
virgo,6
hinterland,1
fir,1
assessments,19
leos,6
european,5
fabric,26
bazar,35
diamond,115
photography,5
annapurna,37
pet,40
lights,67
amber,32
macleods,196
equipments,209
crazy,6
denim,27
wade,6
dinar,2
automotive,70
tubular,20
kangaroo,2
furniture,101
vivid,14
sapphire,30
lubricants,116
accord,13
carol,38
cool,35
tecs,2
rub,4
aress,1
prag,5
pipes,117
silvia,1
diwan,49
abraham,70
energy,212
height,8
louis,68
orchid,13
counter,2
smiths,2
amity,19
rna,2
harry,22
salon,30
spa,24
multimedia,41
bali,45
sciences,122
unity,68
bang,24
icon,20
printers,372
pest,12
materials,44
dove,13
soft,40
screen,12
printing,65
stationary,25
peter,207
weaving,37
apex,127
prince,132
coatings,95
salient,4
infinite,3
indra,61
welfare,32
pyramid,16
tole,23
aryan,79
gifts,9
exalt,3
atlantic,14
video,21
refractories,9
universal,177
spectra,27
luminaries,4
mulla,227
portfolio,55
motion,5
protection,65
foil,6
vas,9
bonbon,1
zodiac,10
utility,13
marshal,132
automations,10
concept,78
gore,112
george,244
supreme,191
sot,2
nicholas,16
motions,1
shell,18
emporium,33
dolphin,66
marri,5
ruby,54
frank,16
science,152
lahu,129
pens,16
lucy,17
percy,10
leisures,1
vise,8
resource,37
continental,27
belting,1
tomato,1
sulphur,77
lancelot,3
esquire,6
high,179
range,10
minerals,83
aluminum,15
mudra,24
cooperative,27
cross,15
asia,136
mansing,27
gun,1
dominics,2
dazzle,3
edwin,44
beads,8
nippon,9
technologists,2
lira,3
ravish,38
stationery,81
fabricators,88
ways,18
shelter,15
portal,1
cherry,13
enzymes,2
aar,8
elite,48
roadways,144
globe,28
intercontinental,4
pneumatics,5
property,57
galaxy,63
signature,9
electra,4
accumulators,1
chary,10
clique,9
bose,97
zenith,62
rollers,1
bans,6
nelson,90
hos,1
spices,26
maternity,3
hospital,277
mer,25
stratum,2
lath,22
centurion,554
greenland,2
basil,13
muhammad,32
innovative,276
controls,55
promotions,9
events,46
partnership,110
invention,1
hype,2
harsh,191
profile,12
bars,26
manufacturers,31
tts,3
palms,3
evolution,3
nutrition,19
extrusion,53
stephen,73
pumps,31
melody,1
leon,9
soares,19
pentacle,6
primo,24
automation,93
gems,173
acme,40
car,119
communication,265
woodworking,1
machines,73
pimple,30
brilliant,8
tigers,3
worldwide,70
vertex,25
shelving,1
retail,544
rani,257
cable,93
albino,2
bernard,14
pinto,139
allure,19
division,196
taco,1
visions,10
tated,5
bathroom,3
antibiotic,4
cement,118
venture,69
project,107
indulge,1
blends,33
galvanizers,23
beauty,129
est,18
mercantile,928
shanghai,2516
banking,2493
cares,7
markets,34
sultan,128
pollution,6
board,43
crimson,3
coating,59
utilities,1
proto,2
play,2
saw,52
contractor,53
frozen,14
hindu,10
camera,12
hub,28
thor,2
direct,21
daisy,11
trader,35
federal,19
icu,1
mobile,178
dictionary,1
organisation,20
gouda,34
ark,27
powder,7
secondary,15
school,231
films,105
hind,71
relationship,6
financing,100
led,34
alfred,23
laminate,12
infallible,5
sydney,8
avatar,12
manager,79
shared,1
neel,27
mirror,3
personnel,9
clarence,6
rebecca,7
cellular,89
sawmill,2
radhakrishnan,53
imitation,8
wings,35
avon,25
gop,6
cots,8
mit,10
glamour,3
dots,6
solvents,35
lemon,8
divine,26
sigh,11
magh,1
jacob,113
black,39
velvet,4
publishers,93
risk,4
turki,3
junior,6
college,24
gaud,86
furnishing,66
mattress,4
punches,2
dies,19
gateway,19
computer,121
caterers,72
gaba,26
excise,16
mujahid,24
jackson,29
future,475
jet,115
freight,260
inter,29
trinity,57
sahib,25
ladder,28
stocks,35
altitude,1
offbeat,19
matrix,51
centric,4
style,109
firm,194
advanced,84
kali,19
diamonds,99
holdings,147
trig,5
multiform,2
zest,7
teresa,6
fuels,7
dada,102
lama,3
tobacco,16
liaison,1
donna,3
brihaspati,8
onus,29
collateral,5
slum,23
rehabilitation,12
authority,21
ready,14
holidays,76
connection,13
peer,42
toyes,8
hospitalities,15
azure,7
rumours,2
swim,2
institute,111
mari,13
silva,22
bollywood,6
mischief,2
jagganath,17
factoring,120
raw,10
german,13
apartments,5
panda,148
mars,19
environ,6
surgical,47
mini,17
prima,22
corporations,12
sambre,16
stressed,5
troubled,2
revival,3
albert,47
coffee,23
dynamics,10
impulse,7
aaa,5
roller,24
flour,37
romance,8
night,4
butt,26
wimpy,2
wines,28
automobiles,206
guru,140
crayon,1
experts,7
tamarind,2
gaspar,1
supplies,11
line,106
silver,62
ameer,33
recharge,2
loan,332
iron,109
triangle,7
formerly,9
known,53
backbone,2
vega,6
sale,40
couture,2
lucky,50
studios,31
rank,7
reality,87
platinum,34
sana,95
sarin,19
citizen,44
panoramic,6
stern,1
ingredients,19
mandala,8
redefine,4
advisory,49
tare,49
desire,5
interior,71
clothier,1
establishment,3
mens,35
embroidery,20
partners,15
gallery,33
salina,2
another,630
clothiers,15
techno,135
craft,85
cold,46
storage,42
nova,27
series,6
cuisines,5
dimensions,8
mitra,98
jean,2
skives,1
boom,3
mange,40
carbon,10
tee,13
pesticides,66
robinson,10
environmental,10
irani,39
mid,15
day,25
ornaments,8
connections,11
honey,30
payments,262
target,7
robin,59
argos,1
fakir,69
architecture,3
ramsings,1
apollo,23
ten,6
candy,8
grips,1
rental,21
ara,12
factors,408
rang,23
havoc,1
catch,1
sky,101
gem,14
midday,5
crop,129
party,26
cruisers,8
agricultural,22
glazers,3
panjabi,37
leather,55
moments,6
maria,55
masters,18
sea,71
trail,1
blazer,1
silks,72
mice,4
harvey,6
council,22
proprietary,21
concern,22
vip,18
luggage,4
social,8
association,50
proactive,10
rolling,47
morgan,9
chase,10
jude,74
shoppers,5
director,95
highway,10
clean,38
coats,31
sinclair,1
bearings,50
charters,3
modular,47
sand,9
club,75
aquaria,2
nazareth,14
rajab,5
ultra,41
space,100
epi,4
raphael,20
sam,33
begum,133
sienna,1
berry,22
polyurethanes,9
federation,11
clinton,3
sunlight,6
stones,12
timbers,47
alert,4
sanitary,36
wares,7
bourse,3
transports,43
armstrong,3
cygnus,2
information,78
era,21
bore,13
audio,25
benny,30
theresa,6
value,70
true,14
lund,29
kashmir,49
nac,2
heart,12
sandy,2
nature,16
efficient,17
current,6
technical,18
literature,1
centaur,20
malls,2
caper,1
golden,76
tiger,9
delta,68
deadline,3
zama,6
factory,33
generation,4
firestorm,1
fatima,117
complete,11
harmony,18
residency,19
aquaculture,19
farms,94
bayer,13
kail,20
radius,26
coolants,1
dreams,17
toucan,8
lines,69
anu,52
maya,154
achieve,1
lily,12
associate,26
accommodation,1
sugar,64
think,17
farmers,4
myth,3
productions,56
veneers,5
emerging,2
triumph,9
valmy,1
sintered,2
excelsior,19
nvs,1
hammer,3
ubiquity,2
cruiser,6
plaza,49
tree,11
milestone,33
match,4
eros,1
hussein,27
rico,4
columbia,56
leathers,5
sound,25
music,60
towers,16
avenues,3
bile,6
stock,175
brokers,145
printer,33
fly,13
blend,3
caster,1
invest,2965
sec,3
outdoors,4
computers,344
file,1
seamless,189
countrywide,1340
coil,8
tops,7
detectives,1
elect,5
sputnik,1
stamping,21
riviera,2
afl,1
granite,20
maped,14
good,49
drop,5
wine,21
cellars,1
med,17
composites,7
credence,1
swift,28
automobile,38
dealers,25
implements,8
valentine,11
specialty,10
constitute,1
signatory,108
electricity,6
bobby,30
mubarak,87
win,12
pali,5
chemist,33
pluss,2
dot,16
architect,3
restaurant,132
communications,184
gaur,101
neat,2
deluxe,19
sadhu,44
molly,2
zinc,3
outdoor,6
gregory,10
mathias,16
sign,48
diam,5
performance,6
boston,4
moses,54
lazar,17
bridget,8
moulders,3
carat,6
kings,73
juniper,7
centrum,19
offshore,59
sultana,35
flying,12
squad,6
american,31
peripherals,26
fertilisers,21
drugs,246
innovation,24
billion,9
guardian,6
bay,20
saint,27
fresh,65
produce,3
mayflower,1
jotun,32
bennett,26
fish,10
abrasives,6
suitings,10
alkalies,14
equities,8
asian,164
body,12
fort,40
regency,30
van,16
nectar,21
mayo,6
sheet,12
processors,192
skyway,90
inland,13
wellness,77
dura,12
best,82
schiller,4
labs,138
trustees,2
port,9
probability,3
otis,1
elevator,12
potash,13
commander,1
cutters,1
optimal,16
poseidon,1
delight,27
forging,39
ups,79
bangalore,13
heinz,4
time,93
strategic,21
contact,1
lense,1
coca,10
cola,10
dish,3
marcel,4
brother,14
fertiliser,5
internet,19
mobiles,28
liners,13
cartridge,11
martin,61
harris,4
amiable,9
arabian,16
nights,6
conserve,1
nast,6
region,4
aegis,13
crew,2
advisor,5
mentha,1
cap,273
float,3
knowledge,78
process,125
ocean,39
sula,1
vineyards,2
capitals,10
aries,56
spot,17
lupin,7
files,3
maha,45
vista,14
dockside,2
signet,7
sheesha,5
lounge,7
fisheries,33
distillery,12
baking,1
firs,33
mob,3
dockyard,2
incorporated,14
tongue,1
siddhartha,25
neptune,42
woodlands,7
human,14
arco,9
major,19
wilson,53
end,36
medico,27
call,4
hermes,21
top,50
class,25
gee,11
consolidated,14
aim,14
fruit,30
vegetable,11
citadel,6
buttons,2
elastic,1
doctors,3
analytical,6
fluid,11
bmss,45
luxury,9
stainless,23
wing,7
dali,17
kanara,11
subscription,3
omega,42
sarees,180
souring,1
auctions,3
antique,1
excellence,10
incorporate,2
liner,3
mascot,16
person,42
rex,12
fields,1
words,20
kittens,16
rash,2
aluminium,153
supplier,26
dhole,54
eye,38
lock,1
angara,42
smith,23
holder,10
survival,5
austenitic,3
floor,24
rep,38
las,4
woollen,3
rowan,7
elastomers,12
stellar,4
late,28
ingots,8
chains,17
distributor,47
saturn,20
raseed,1
ade,14
worn,1
beautiful,43
cooling,21
male,7
bombax,1
couriers,25
dps,2
akin,4
investors,3
flowers,2
megabytes,1
jafar,109
spas,1
vasa,77
semiconductors,30
safety,35
sikkim,2
card,21
yard,18
alloy,54
filaments,45
kobe,3
pipe,58
indigo,15
pristine,26
laud,8
duet,9
glittering,1
dhaka,26
neon,5
semiconductor,2
unicorn,14
rima,9
structure,21
renaissance,42
simplex,45
challenger,2
lab,90
malti,66
aluminiums,5
spray,3
fill,4
bus,19
temptation,19
magnum,26
vane,5
autos,9
grand,31
seasons,13
solitaire,11
dyes,57
blenders,1
distillers,2
strata,7
coastal,26
toolings,3
game,15
downtown,5
mansion,5
north,35
worker,12
perfumery,1
jagger,6
heavy,82
mercury,14
impetus,10
packing,30
precious,18
copper,37
diana,24
proton,4
shoreline,3
novelty,40
sail,7
ads,17
systematics,3
dines,4
som,23
field,23
garage,9
honest,6
houseing,2
proxy,3
provenance,1
dass,48
drive,27
sanguine,1
fellowship,1
physically,1
edge,25
duncan,3
nit,1
arcade,14
filtering,1
chip,2
nickel,1
exotic,29
piping,3
lotus,69
splurge,1
otters,2
soli,6
registered,1
refrigeration,48
hamen,1
shoes,45
michigan,3
footwear,25
chairman,9
agent,9
taurus,9
trident,52
speedway,2
eastern,38
old,9
medicals,4630
plasters,28
date,32
broadband,15
tower,19
lane,3
medley,26
laws,2
exquisite,2
training,66
passage,3
animal,12
acid,5
interiors,111
erstwhile,3
horizon,53
take,7
chain,66
chari,28
gulf,35
grooming,3
positive,20
philip,72
james,122
abs,8
ufo,13
scrabble,5
online,45
borrower,23
assist,1
malay,21
glasss,1
glazing,18
gage,4
prepaid,1
oceans,7
emerson,4
cloting,1
merchandise,36
phosphates,4
cruise,2
munja,2
clinic,51
mouldings,62
naga,103
chips,1
clearing,33
finest,2
deal,22
saffron,14
sources,9
velocity,5
satellite,15
contamination,2
transportation,14
million,1
hygienic,32
ramee,3
daughters,1
aviation,33
mts,2
tooling,16
vegan,1
epic,3
irrigations,18
ming,1
abed,4
incorporation,12
sind,28
himalaya,31
emirates,6
sync,6
dive,10
evergreen,19
tanks,4
vessels,9
lifestyles,27
heritage,13
professionals,9
pinnacle,34
composite,104
handling,9
krs,3
records,5
graphic,15
impact,21
pulse,3
seraphic,1
alate,1
actuators,2
robotic,3
indiana,19
conveyors,9
darwin,2
platform,3
year,3
adhesive,16
premium,46
waters,4
gratings,17
castle,16
euphoria,8
mote,27
jawed,54
faber,13
tar,9
petroleums,24
veneer,10
linear,5
placard,1
wrapping,1
axil,2
drip,22
hair,61
nobel,33
drapes,4
select,6
empire,53
invent,3
sabre,1
jumbo,13
gypsum,15
brahma,35
brown,55
radiance,4
tape,4
circuits,4
den,4
chamber,6
metro,63
polythene,1
closures,6
andrews,11
boutique,40
rooms,1
blake,1
fibres,28
living,11
selection,30
stella,11
diva,11
alembic,1
genesis,37
extrusions,39
brew,5
asphalt,6
consolidation,3
kant,66
false,4
ceiling,5
nag,79
julian,7
yrs,3
horizons,2
knitting,9
philips,19
kama,2
silicon,18
bestseller,1
woods,14
palaces,3
silvex,3
micro,345
illusion,1
dental,40
laboratory,23
stargaze,1
wheels,32
palace,45
fight,1
scaffoldings,2
around,1
moulds,10
strips,27
spica,11
integrators,7
cans,10
silicones,21
sahara,43
echo,1
polestar,1
circular,1
amazon,9
indent,5
transit,1
bulk,28
lumens,29
henry,38
ultima,1
comp,23
tangent,3
diesel,9
engines,2
crane,40
coke,29
refractory,28
spartan,3
create,3
crow,1
liability,9
biomedical,16
divinity,2
turnip,1
suburban,2
painting,6
bioscience,23
lords,16
surplus,1
trough,1
lush,4
bonny,3
exchanger,1
sellers,5
sen,136
alphabet,3
crown,31
tapes,11
senior,14
osaka,2
awed,1
jap,1
equator,6
threads,14
concepts,31
charles,36
maple,24
falcon,30
zacharias,2
ees,1
airways,16
laminators,20
cut,2
picture,7
thoughts,1
bless,4
carrying,17
whale,3
elegance,3
lease,34
starch,9
glaze,18
makers,37
cms,10
magellan,1
durables,22
tsa,4
guest,4
bullock,1
cart,1
warren,7
surgery,7
well,46
greenwich,1
meridian,27
rhea,15
carries,4
hexagon,2
spaces,20
watches,9
trigger,1
roofing,14
adonis,15
transmission,21
mac,50
chandi,12
god,4
update,2
grab,6
grub,2
managing,19
marriage,3
athar,13
pharmacy,24
convenience,2
conditioning,12
try,34
sigma,43
clock,1
watch,12
quest,4
arcadia,25
executive,18
ultimate,6
mixed,2
martial,3
sams,4
airborne,1
comet,8
far,1
welt,1
buddha,12
joyce,4
pasha,131
neural,1
television,26
implant,2
enigma,15
axon,13
light,54
runners,1
benchmark,4
lucas,7
blissful,2
tyre,21
startling,1
abrasive,2
fertilizers,64
lift,5
truck,1
little,11
bull,3
profiles,23
leader,4
pee,17
pierre,2
sol,5
megahertz,4
financed,19
dock,5
workers,7
bengal,19
academy,81
special,21
wise,159
butler,4
prosper,2
debt,12
fantasy,16
radiant,30
bliss,17
greens,9
crest,22
sima,15
aroma,22
pride,32
pins,7
champion,30
danish,95
enclave,18
campus,3
street,257
masjid,16
plot,3
complex,15
block,2
interlink,7
unit,33
option,22
vedanta,4
insulation,31
magnet,9
olympia,112
games,121
jat,104
tvs,2
three,29
foundry,31
joy,111
bmi,22
causal,1
islamic,6
goods,32
begonia,1
rite,13
beverage,6
transmissions,15
mek,6
zone,41
aria,12
aerial,11
ccs,1
hiring,17
mat,19
tread,2
wax,2
outlook,7
peoples,26
oak,18
distributions,6
augusta,1
supremo,4
wonder,4
interlinks,1
seal,22
aggregates,30
hard,2
greater,275
arp,9
gen,24
sarda,80
bms,5
sizer,14
mural,11
bulldozing,5
lifts,7
safe,81
techniques,6
nut,2
importers,12
rice,46
kiwi,3
weer,1
rayon,104
neck,1
trump,1
mollys,1
hem,17
knew,2
kas,164
hosiery,155
noble,58
variety,7
colloids,1
bitumen,17
bag,59
hone,2
intermediate,4
charming,3
girls,2
mediate,3
kriti,23
richmond,5
fiance,116
nets,2
din,11
palette,2
touchwood,3
launch,2
serviceses,1
privates,1
plywoods,8
rapid,19
nina,20
conduits,7
faisal,126
mutual,8
benefit,6
minders,2
cutting,3
mosaic,1
edit,6
resort,17
elysium,15
herald,3
martis,6
pulses,11
lloyds,547
arabesque,2
imports,36
eagle,32
flask,3
boy,4
wallace,6
marks,21
commercials,7
pinters,3
simon,65
driver,16
karma,30
oceanic,10
front,12
lumbers,9
soap,24
muslim,37
hakim,109
moneylenders,7
coast,19
wintry,1
imam,69
oasis,20
patka,8
umbrella,1
lifters,64
though,24
miles,14
agriculture,7
hps,4
sanguinity,2
polyesters,8
broom,2
remedy,3
innovations,53
omicron,6
sole,75
panache,15
fortran,13
jewelers,11
discovery,6
batteries,25
heat,23
exchangers,1
edutainment,28
valencia,3
marvel,36
panels,15
secure,15
genu,35
manifold,19
neer,25
lender,8
memorial,18
kris,13
treaters,2
esters,7
gain,12
consortium,5
broadways,10
attar,53
cast,33
shirts,19
vet,13
lathi,3
vulcan,16
fusion,8
expanded,6
manila,2
stash,1
bridge,16
dama,19
centra,3
newsprint,6
aquatic,5
reinforced,3
confectioner,1
bakers,6
quarry,5
protocol,9
tradeing,2
aerosol,4
tapas,52
smart,58
view,22
candid,1
columns,1
argo,5
ferrite,3
pulp,57
mendes,13
christopher,42
dry,26
fruits,50
beg,59
platforms,7
sushi,5
chlorides,2
claudius,3
japanese,4
musa,35
barsing,4
daniel,108
eggs,34
finishers,8
fms,2
dusters,1
finish,4
advertsing,1
regent,19
hate,48
neve,1
samson,43
maiden,1
granules,1
resales,1
enter,18
apart,1
walls,2
jeweller,10
butterfly,6
appliance,28
residing,1
skyline,11
relief,12
smit,10
sunrises,1
roll,8
supplying,7
crushing,20
sumo,3
pile,3
comforts,2
mum,10
thane,22
centering,2
accessories,41
auburn,9
clip,1
titan,3
synthetic,58
sake,2
proprietorship,28
modernizing,5
bds,3
roofs,9
jeweles,1
horse,1
entertainments,10
steiner,3
insignia,2
armoury,1
ods,3
facilities,6
sensing,5
pentagon,4
boney,11
toke,5
lever,10
splendour,7
rapier,12
ivp,18
earthing,3
forwarding,25
conglomerate,1
kline,7
culture,12
artisan,1
grown,1
zephyr,4
seals,5
medicine,17
interconnection,1
mechanical,45
toledo,2
hawkins,6
cookers,6
paragon,14
agents,7
ramsing,8
mafa,3
weizmann,1849
government,3
scheme,4
scottish,4
vector,88
ensemble,14
clover,4
upper,3
deck,2
blanc,8
acer,1
opportunities,2
chrome,5
italian,31
sterling,72
salvador,5
generators,6
samsara,16
mol,4
fisher,1
scientific,42
catholic,9
syrian,9
guideline,2
bahrain,10
prudential,6
rail,4
dbs,3321
vistas,28
yangon,1
melissa,5
electrics,5
immix,1
liberty,29
calibre,7
border,1
sundial,8
fibers,21
capri,11
coral,9
soman,98
pcs,3
sabal,1
bhaga,17
elizabeth,28
rarity,1
amigo,15
specialties,11
macro,13
man,52
fist,4
nielsen,4
optics,61
essen,2
themis,15
jans,3
scs,3
aldehydes,1
law,5
streamline,6
regalia,3
bet,1
conductors,29
dying,22
graves,2
asp,5
municipal,19
supple,1
mauser,1
cox,15
gabriel,12
handloom,51
aged,2
angle,2
son,44
crp,4
arm,5
bullion,7
broadcasting,7
peerless,1
prefect,4
rhs,1
dad,2
yacht,2
alamo,1
jimmy,20
elephant,2
enrich,3
bee,41
bis,3
eta,7
nadir,32
kuwait,12
builder,72
combine,29
enameled,5
chalet,3
savings,6
shiny,10
grater,7
custom,7
stabilization,2
peacock,56
tourism,21
cook,8
warehouse,5
hazel,10
trent,4
roads,13
scale,4
biochemical,4
coastline,6
department,11
apar,26
rahu,3
chit,318
vanessa,11
lie,1
dig,10
sin,8
converter,13
speed,37
hamelin,3
huntsman,8
oliver,12
elate,2
rational,4
elder,28
plumbing,32
welding,28
sparrow,5
hypermarket,1
crony,1
span,10
arhant,3
modules,1
frederick,6
baseer,1
sleek,17
undertaking,10
helios,54
saree,64
bani,11
tennyson,1
row,2
cone,1
boob,4
cab,7
napoleon,3
constituent,1
ritual,1
garuda,15
sinai,1
instrumentation,9
noma,1
msc,7
mile,5
shine,21
veterinary,3
reefer,3
rami,26
talent,3
staffing,5
recruitment,5
vajra,3
throe,1
thorough,2
pearl,57
give,1
glittery,1
compounding,1
giant,3
paste,8
aeon,9
summer,1
ats,1
sawan,21
mad,10
mining,63
foundations,8
defence,8
connoisseur,5
drives,10
radium,7
weld,9
natures,4
basket,2
tope,4
furnitures,27
chicken,13
plaster,3
spice,47
girl,7
amos,6
mono,4
collections,42
caretaker,1
self,3
help,1
switching,3
avo,3
spring,14
kera,11
core,25
pun,1
rise,4
dover,1
decorators,26
pulverizing,1
sonata,6
monal,2
conviction,2
educational,131
royalty,3
sonic,7
mass,18
vital,8
veronica,13
blessing,2
greenback,1
promoters,36
minds,7
gaming,1
diving,6
doff,1
connects,1
joel,16
excellent,16
rings,2
harvest,6
adorn,2
reflex,3
hydraulics,21
celebration,1
sensor,1
sport,6
systematic,5
savant,30
semi,3
padda,20
wife,7
barge,21
volga,2
biological,3
canopy,2
essence,4
chairs,1
cedar,2
gss,5
mach,8
paradise,17
supra,7
hospitals,50
diss,1
poncho,1
ambience,9
mania,5
maitreya,508
dadas,7
owner,3
seas,27
scope,17
trades,20
advertisers,14
proprietress,13
bhs,1
orthodontics,1
jubilee,5
plasma,4
nawab,68
ceo,1
tike,3
juice,3
moonlight,3
urbane,2
infrastructures,69
congress,1
saida,8
ncs,8
miracle,15
sami,24
orion,18
lumen,3
gemini,18
heartbeats,1
optima,2
charisma,3
economy,4
dsl,1
acres,5
fortes,1
singe,2
overses,2
suture,2
nail,9
big,31
turnkey,12
tuba,7
dew,7
oversea,1
leer,2
model,8
castings,34
asiatic,6
pan,62
cons,9
siesta,4
manufacturer,3
trailer,7
inns,1
see,1
bird,18
domestic,3
yahoo,1
marines,2
elan,4
pragmatic,9
manufactures,17
antony,79
goldmine,4
tempo,15
able,5
mina,33
dacron,3
businesses,1
bailey,3
banana,4
demolition,3
proprietors,7
bakelite,5
trimurti,35
weaves,3
computerised,4
parker,11
dates,1
flow,9
infertility,1
pascal,8
decorator,7
boiler,4
bricks,5
heir,2
fabrication,35
paint,21
represented,5
colony,3
railway,6
add,24
bonanza,65
carapace,2
tool,20
dominic,46
matter,2
xavier,68
insulating,3
forming,2
landscapes,1
authentic,2
offers,2
carnival,7
thermal,12
foodstuff,1
clever,2
mate,27
influx,1
aaron,7
col,13
hero,15
lubricant,13
lodestar,1
flavour,1
acrylics,1
iceberg,3
sura,19
forgings,95
wash,2
uniforms,8
destiny,7
invocation,1
sivan,14
spec,1
gis,1
alexander,16
avs,2
pick,2
elias,17
salat,11
parallax,5
scorpio,5
antioxidants,1
doi,2
sprite,3
refineries,8
creators,9
comps,3
saints,1
lions,2
die,11
forward,2
automat,3
inspire,3
antares,5
surveillance,2
retails,70
damas,2
kelvin,5
second,6
dimension,7
rainbow,61
dial,3
nancy,8
exhibitions,7
bike,6
teachers,1
pit,2
stop,15
taximens,2
expanse,1
handicraft,4
tour,33
mull,5
monopoly,1
carrier,83
today,3
resent,1
producers,3
torrent,6
columbus,1
soya,8
courier,29
amia,2
bead,1
bulls,12
finances,4
ales,2
gyro,1
imp,6
powers,11
employes,2
priority,3
adrian,1
goes,5
realties,7
orbits,2
converters,4
companies,36
nad,7
collage,4
homeopathic,2
cafe,34
planet,36
violet,12
charter,6
cts,3
cycles,7
cradle,1
ignatius,21
magma,705
costa,26
harrison,3
kahn,14
packer,1
arab,11
fibreglass,1
superb,2
nation,2
temple,46
kitchenware,3
metallic,5
catalysts,2
rotor,2
casting,39
manger,3
refiner,1
erica,8
tec,43
mash,4
fluorine,1
consternate,1
precise,8
nimbus,14
pid,12
chart,2
inn,17
handles,1
gent,1
terminals,1
bbl,1
toyota,1
pay,12
vali,39
pulsar,2
scaffolding,1
lion,9
ice,39
cream,13
technocrats,3
pares,1
schulz,6
pegasus,8
carlos,4
detective,4
employment,1
innovate,6
lam,13
equity,13
gond,24
vast,15
wits,1
lorraine,1
hermitage,1
absolute,3
gears,41
wafers,5
snacks,23
deserve,31
peris,6
fair,17
ancillary,1
maxim,22
anima,17
buff,2
harijan,56
pure,49
damar,2
numerical,3
embroideres,1
themes,3
prestige,30
packagings,12
perfumes,9
rubbers,7
octroi,13
carpenter,3
legend,15
rattan,17
karnataka,19
cynthia,9
bengali,11
hershey,4
assumption,1
fet,2
mother,22
disk,1
loren,1
fischer,5
barde,39
trine,1
animation,13
embroideries,11
packages,2
motes,2
packers,51
sat,27
glow,3
caterer,5
borate,20
processor,13
eiffel,1
thea,1
heavens,2
input,27
lopes,20
occlusion,1
textures,1
unlimited,24
boss,12
repairing,5
varuna,5
pulley,2
aims,5
condominium,1
drape,36
germs,2
pigment,2
recording,3
braiding,1
ornamental,1
atm,12
grain,25
dress,35
word,11
snow,4
schedule,1
pigments,16
status,11
arrow,13
twisters,2
elf,22
job,12
secrets,2
oscar,26
morris,10
junction,12
points,21
punch,2
descaling,1
room,8
moll,1
rails,1
non,5
ionics,3
golder,4
bedrock,2
cop,5
multilevel,1
cultural,3
stage,3
generic,3
processes,1
winsome,2
grinding,1
dispersion,1
flower,9
refrigerator,1
sanitation,4
pole,3
hello,12
fax,1
atlas,18
array,1
surface,21
hippo,2
walter,22
dream,34
canute,3
potteres,1
maze,3
eve,1
cloth,42
baboo,21
principal,3
furnaces,2
hirers,14
paries,2
nds,3
leas,3
lea,10
makins,1
luck,13
exhibition,3
bolt,9
stalin,39
aid,17
taximen,1
ladies,25
gillette,4
madam,10
saving,4
kentan,1
margarita,1
gradient,1
unbox,1
mason,2
traves,1
shrink,8
engraves,1
alps,7
wind,30
toughened,1
circle,16
visible,3
classes,66
dana,10
bangles,14
tankers,1
island,2
ludas,1
middle,6
income,3
shogun,6
spirits,4
shawn,3
mount,23
tale,6
faquir,3
dredging,17
french,4
multiples,10
chen,3
keratin,1
kaiser,14
drilling,6
fluids,1
track,7
live,22
look,25
yorks,3
rass,3
chocolate,4
pipeline,3
banquet,4
moves,1
proteins,26
fats,25
vegetables,15
habits,1
rain,18
factor,15
gauges,5
bourdon,4
ferdinand,1
campbell,2
giftings,1
sharp,67
deb,39
redwood,1
certification,2
queen,5
essentials,3
accurate,15
moray,2
amex,2
name,13
coin,2
price,6
precept,1
advocates,1
notary,1
elements,4
panchayat,2
beach,19
backward,25
mod,6
mineral,26
prolog,3
soot,4
blackburn,1
baron,9
economic,7
lottery,8
viking,7
crosshairs,1
moder,1
sabbat,1
residential,2
tulip,21
sufi,3
chough,1
henna,6
access,7
honesty,17
loop,21
integration,2
maxi,5
runner,2
slim,2
olive,6
bar,69
arthur,7
idea,79
log,2
monish,36
bleachers,1
montserrat,1
coat,10
learning,12
allah,5
rad,7
feb,6
display,29
palm,4
springs,12
integrator,1
quip,1
finesse,1
seats,1
horseshoe,1
ems,5
ale,3
advertisement,1
scrap,13
bijou,1
fivest,1
trait,4
misty,13
jaffar,49
desserts,1
convention,3
stylings,1
coverings,1
epsilon,2
dean,7
pias,1
lewis,18
corning,1
developments,17
sate,2
bps,2
let,19
causeway,1
find,2
gujarati,5
bangui,1
herb,23
mind,6
burrows,1
gores,1
gazebo,5
coils,3
adventures,3
forte,1
judith,4
mande,24
treasure,4
primus,159
formulation,12
snowdrop,2
serviced,7
country,22
sovereign,4
lightings,3
sparkle,9
hgs,1
bacca,1
laster,1
colonel,7
band,8
proficient,6
microwave,1
hamed,8
rupee,4
miller,3
nurture,2
mysore,30
waugh,3
countywide,2
mayers,10
allen,11
kashmiri,21
benjamin,19
seabird,1
peripheral,1
seam,5
ward,7
fareed,5
step,2
toures,2
mama,2
justice,1
cheetah,1
kartikeya,2
lld,1
rhythms,1
rap,17
sage,3
richardson,6
gap,4
nucleus,9
holiday,29
abacus,16
griffin,4
ranee,3
challenge,1
sns,1
romani,1
recovery,5
lehar,5
lingerie,6
telephone,3
iyar,6
south,33
clement,7
ces,2
dimples,1
masque,2
books,34
shadow,2
picasso,1
singer,10
airfreight,7
lessing,1
pace,27
breakthrough,2
roadway,5
phosphorous,1
agha,7
linkage,1
ics,2
franco,2
chariot,2
habitat,11
hera,5
prises,1
kgb,1
synapse,3
ban,10
cottons,37
broker,12
nile,17
beneficiary,5
msb,1
pathology,15
magnificent,4
fiber,11
penn,3
dear,4
born,6
cash,2
expo,8
realities,10
knight,12
magpie,3
nasser,4
microns,1
owners,2
earnest,3
amp,4
peckers,2
register,1
lucrative,1
personal,7
intermediates,25
registrar,10
scotland,320
cred,24
cowrie,1
prolific,2
better,20
penny,2
coordination,1
coordinations,9
pressings,7
superior,6
growers,3
dawn,4
peroxide,25
steer,1
dimensional,1
mackintosh,2
paris,3
onlooker,5
burroughs,2
gorgeous,4
southern,23
cutlery,1
sunbeam,5
guaranty,1
gamut,1
manda,42
torus,1
skyways,1
caliber,4
aras,2
vaults,4
commissariat,4
connector,2
initiatives,2
enterpriseses,1
breach,2
impression,11
sos,2
furnishings,15
parsi,1
rays,9
solo,10
minority,1
communities,1
famous,8
adventure,24
formula,2
srs,16
fright,7
lava,4
syndication,6
colors,15
tubs,2
glycols,2
bse,1
nexus,10
bankers,2
portico,1
serves,1
sophisticated,2
venues,1
accent,12
rent,30
indicate,1
baker,9
casper,2
screening,1
fountain,11
exhibitors,2
children,6
brass,3
lexicon,8
blossom,24
beyond,12
winner,2
summit,6
octave,2
facade,25
capita,21
credential,5
sls,1
booksellers,1
gary,1
lawyer,1
talisman,1
river,6
fiting,1
northern,7
pvc,4
jonson,4
laminations,7
deputy,20
commissioner,3
component,8
profit,4
part,8
shard,6
duke,3
salicylates,1
rio,4
suiting,6
arch,60
valuable,9
ahura,40
coronation,3
vats,11
rosy,11
crafts,8
perennial,1
prayas,2
fitings,1
josh,11
munich,4
talk,7
stationeries,2
turf,1
internationals,3
distributing,2
goodwill,22
monitor,2
british,6
hosing,3
bottle,2
promotion,14
sumer,32
change,2
garrison,3
hems,1
botanical,1
orchards,14
exporters,34
knoll,2
achievers,1
sheets,3
aga,21
tenants,1
pals,1
typesetters,1
chatter,1
plantations,11
australian,1
ben,26
java,6
hausa,1
gracious,14
dyestuffs,2
indic,1
developing,1
relations,1
tips,2
rods,13
stuart,2
stanford,2
prod,3
orpheus,1
doctor,15
kachins,2
islands,7
woolens,2
everyday,1
shandy,1
lessors,10
hemispheres,1
clive,10
detergents,5
brokerage,13
cellar,2
cvs,2
linen,5
nanak,20
mantra,6
behind,4
scene,1
execute,1
textiless,1
sukur,10
finite,1
merchandising,18
ground,9
lovely,16
trees,3
know,4
pant,24
organization,4
techs,2
tater,9
pin,1
patrick,25
hank,1
ruta,1
quantum,18
maine,5
cherished,1
testing,3
suspension,1
cascade,4
intact,2
cranes,15
tatu,7
con,121
grass,5
victory,33
shako,1
stripes,1
piles,1
frost,1
realtor,9
dart,1
prudent,1
iol,9
osha,3
concord,4
adult,8
exodus,1
sgs,2
rickshaw,1
consumers,5
helen,10
moros,1
solvay,1
hirings,3
zillion,3
pats,6
chaplet,2
ions,1
shirt,10
outsourcing,18
amd,18
molal,1
attack,1
futuristic,8
cars,76
surfactants,5
magnesia,1
jerry,7
aram,3
bites,2
notch,1
anti,6
narcotic,4
cell,16
newspapers,155
keynote,7
exploration,7
heating,4
christian,6
always,5
remember,1
campground,1
theatres,2
stalwart,1
kismat,7
frame,4
maker,22
six,6
cylinder,2
nylon,1
durable,2
hybrid,15
customer,14
midland,16
marina,6
treater,1
saudi,6
woven,4
milton,21
goa,28
advent,2
expertise,1
niche,2
ganapati,18
peass,12
disney,1
orphanage,2
gene,3
act,395
durian,1
mahan,3
tradings,4
serum,4
pita,1
himalayan,2
laurel,3
mott,1
ruskin,6
paging,1
foss,1
propertiess,2
sou,9
toll,4
ritzy,1
dent,1
passive,2
montana,1
farming,3
min,3
sumed,2
wad,2
cloths,4
inhabitant,6
twilight,30
parks,2
yama,1
multinational,1
surveyors,4
actual,1
nehru,16
fairs,2
mdi,1
vantage,4
flint,2
yemen,1
shibah,1
scarlet,10
cro,1
repairers,3
cryogenic,13
storages,3
pharmas,1
chief,1
father,1
place,7
supers,2
mauritius,1
resolution,2
dhal,15
explore,4
abm,2
subsidiary,3
tax,7
warner,6
drapers,1
siva,118
bight,1
exportes,1
syndications,1
astir,7
clarion,2
lulu,1
forts,7
infotainment,3
sensation,4
sheraton,4
spinning,57
greetings,4
statutory,2
davies,3
minis,2
argus,1
cleveland,1
clarity,5
lucid,1
chairperson,1
lahore,1
jenny,5
skylark,12
nihon,1
clothes,2
large,1
spining,1
turner,2
morrison,1
taking,2
newsprints,3
abb,1
fiberglass,2
locomotive,3
oman,3
cycle,21
suez,2
stabilisation,1
contract,7
conventions,2
quaker,13
cot,2
vinyl,8
text,2
italia,2
italy,4
bags,16
jam,9
sur,57
para,22
merchandisers,1
technocrat,1
reynolds,8
pipal,1
alarm,1
exon,1
lit,27
alternate,1
gand,3
matters,3
rontgen,1
essential,3
stuffs,1
joint,2
shore,3
marquise,1
chi,1
host,1
galleon,1
nrc,1
rames,2
spinners,16
potence,1
handlooms,4
queens,1
trad,5
sentinel,2
ditto,8
agar,8
narwal,2
jays,1
magus,1
rat,4
sac,16
devis,1
axiom,9
cordages,1
mickey,9
easter,1
valiant,2
stm,2
sum,4
vara,16
dat,1
wool,1
blocks,2
officers,1
guarantee,2
brewers,2
parish,2
shy,1
dos,8
formally,36
opal,20
fishers,1
rolled,7
aids,12
pate,7
chiefs,1
breaking,2
hold,4
polo,1
mils,8
medicate,1
ran,11
dal,24
surs,1
gan,6
baning,26
studies,5
retort,1
soapstone,1
athena,12
fancy,57
gula,2
twist,1
auric,3
rising,7
roc,1
spin,3
yellow,4
refreshment,1
gang,2
stale,1
shaman,4
authorize,13
marut,7
shad,4
lynch,1
frisch,3
jaguar,4
adh,2
vikings,1
fox,3
administrator,1
specified,1
interface,3
rams,7
posh,4
hall,4
orleans,1
limit,1
corpora,5
reach,8
valley,23
bravo,4
trendy,2
sportswear,3
seamens,3
gum,8
wodehouse,6
granulations,1
des,3
tarmac,1
corrugating,1
sari,5
sbs,8
colores,3
derivatives,3
bog,1
fern,8
vice,1
ash,11
carpets,11
parental,1
metallurgical,3
trip,3
electors,2
blunt,1
ritz,10
resistors,2
chennai,23
wooden,4
softwares,2
escape,1
newspaper,2
slam,1
competent,1
lark,3
trance,3
warranty,7
tao,1
tidal,1
accumulate,1
burlingtons,2
america,2
fineses,1
ail,2
oyster,5
stations,7
fleet,12
anhydride,10
oxides,18
vertigo,1
alkyd,12
dagger,2
forest,2
serums,2
vaccines,6
funds,9
gelatine,1
brow,2
klick,1
polyelectrolyte,2
tone,4
bond,7
fuchs,3
sis,2
hughes,1
telco,1
tudor,1
commodore,1
jak,2
pluto,1
ammonia,2
dais,1
florence,8
harbour,3
synergies,1
collier,1
medicaids,11
salem,16
jewelry,3
origin,9
imperia,2
shirtings,1
rectifiers,4
analyzers,1
schedulers,1
pump,19
ego,3
honour,3
hydraulic,5
flavor,1
mover,7
privet,2
nares,2
citizens,5
florist,7
form,6
wig,11
lean,1
professional,6
antenna,4
carding,1
tracy,2
rock,17
people,3
chaits,1
panther,3
rollings,2
offsed,1
integrity,5
tarpaulin,1
walrus,1
window,1
brilliance,1
academic,1
magnetics,4
magazine,1
harlem,1
polyurethane,1
vortex,4
parenteral,1
biotechnology,2
swain,123
mail,6
sands,7
ambition,3
fula,2
safari,3
confectioners,24
documents,2
inest,6
ivest,2
aphelions,1
teach,3
bunts,13
reeds,1
lydia,5
warehouses,1
finnan,1
tetra,4
incest,1
proofing,4
acs,6
secretary,6
lone,12
feeders,1
valve,5
sikh,1
brook,1
jeth,2
mikado,2
cozy,2
shutters,2
rondo,2
hookup,1
selva,20
lakhs,1
mags,1
lav,14
zebra,12
parson,1
manky,1
arista,2
capacitors,7
eternity,3
genius,11
voyage,9
jag,9
bomb,1
sir,4
seagull,7
apartment,3
polyester,6
stature,2
karelia,8
champ,1
shivas,2
luna,5
proctor,1
fast,21
tract,1
manufactureing,3
broilers,4
waves,16
kit,1
lifting,2
naan,1
calvin,7
fss,1
nimbi,1
bed,6
protective,2
electron,8
iran,7
litters,2
norman,13
august,1
graham,1
firth,10
escort,3
hear,1
haj,7
nasa,2
solvent,4
radiators,1
koan,1
pink,10
unify,1
dph,2
almighty,4
fishing,4
fisherman,2
titus,9
ani,5
rope,5
frames,7
punnet,1
fulcrum,3
proses,1
hill,5
luxor,1
plan,4
gravures,1
abas,5
parkers,10
tyrs,1
saviour,1
deeps,1
sailors,1
topaz,2
cooper,6
parcel,3
poles,6
therapeutics,4
mss,6
sens,1
gift,25
filters,5
splash,6
men,19
tile,10
irans,1
mayer,3
hires,1
marshall,13
sugars,18
scooter,5
benefits,1
tallis,1
arms,2
oriented,1
photographic,1
guff,5
nil,11
mors,1
ordinations,33
associations,3
watermark,3
inform,2
kappa,3
booking,7
creatins,1
waving,1
scare,13
afghani,5
salah,2
locksmiths,1
warehousers,1
calcutta,3
belt,9
zircon,2
felicia,2
majestic,14
harmonic,1
friends,26
entity,6
soul,5
gear,28
novel,11
envelopes,2
filly,2
cfs,2
bate,6
shari,3
welder,3
tate,16
seel,3
bast,3
sailor,10
horticulture,11
cleaners,12
liquor,3
detergent,2
sensational,1
gide,1
traveles,2
bun,1
afghan,3
jonah,1
urdu,4
visual,4
jailor,2
ids,1
allies,1
garb,2
repair,5
cure,15
label,8
equipt,1
pules,1
ism,2
omniscient,1
key,4
muller,1
carver,1
shem,3
shema,8
assam,6
retro,1
rem,1
dram,1
khaki,2
shoe,30
pia,5
shades,5
destination,11
adit,4
shipwright,1
cordial,2
bleaching,9
dyses,1
ball,3
anodizing,1
orange,10
caroline,14
kinetic,2
motivation,3
ida,3
boring,6
crippled,4
lin,3
impressions,3
saga,4
blending,2
ear,1
tin,8
mood,1
bucket,3
connexion,3
area,1
pantaloon,7
tit,2
bot,6
incs,1
gummings,1
forties,2
stuff,7
twister,2
lubes,10
micron,3
boniface,5
haulers,2
heave,1
nutritions,1
cattle,4
swastika,9
pints,1
innocence,1
flamingo,3
excavators,3
hills,16
young,3
hoses,2
pheasant,1
towel,1
expert,21
protein,3
fas,1
bering,1
tarpaulins,3
sells,1
gravity,5
alaska,3
bole,10
blaze,6
sag,3
vices,1
coconut,6
appeals,3
winess,1
scotts,3
love,23
scott,2
sterlings,1
cane,6
mds,1
gin,1
tai,5
opus,7
pawer,3
anagram,1
brushes,1
xylem,2
rho,4
earl,7
dotes,2
skills,3
kgs,2
needs,11
nestor,2
skin,7
mire,3
mellon,2
operations,3
continuum,2
panga,6
satiate,3
rentals,7
workshop,36
jade,7
ramman,2
maroon,6
manor,18
addictive,2
initiative,3
bode,2
toehold,2
doors,8
gadget,13
thai,10
bloom,4
study,5
career,16
kindle,6
wedding,27
scenes,2
dicky,2
kitchens,7
valse,13
nice,21
sweets,21
leaf,5
storeys,6
crave,3
maximum,2
marigold,7
mot,2
jockey,3
jack,21
shopper,2
zion,38
youngsters,6
cns,18
mas,10
village,15
california,8
foot,20
final,2
filling,9
chill,2
juices,3
mess,10
divas,3
mithra,5
stitch,2
pebble,11
prefab,2
departmental,20
spider,7
wheel,9
colourful,2
silvers,2
fertilizer,18
feet,6
guys,6
dike,7
ranas,2
entertainers,6
medial,2
elegant,20
unisex,6
handicrafts,5
satisfaction,6
corners,6
ozone,7
selections,9
meronyms,4
momentum,10
greeting,5
exporter,11
rusty,2
spoon,2
vinegar,8
chat,2
laptops,4
refresh,2
shapes,3
chilly,2
stellas,2
haunted,2
cuisine,11
hobbies,2
alternative,2
motorcycles,2
cat,5
incremental,2
vibe,2
vertical,7
cookies,2
lunch,6
hidden,4
blackout,2
fits,2
handmade,3
sms,14
dine,9
galleria,2
screws,4
grill,2
babys,2
crockery,4
things,3
nirvana,6
buddys,2
pets,6
pubs,4
streak,2
tito,3
makeover,2
extension,4
tasty,6
reborn,2
fearless,7
gizmo,4
legion,3
exclamations,2
laptop,5
drizzle,2
salsa,4
beer,23
janus,2
hot,15
pot,3
cinderella,5
stye,2
supermarket,5
jrss,4
stroke,2
nest,5
designing,4
freak,2
rider,10
saharan,6
sadly,2
sure,20
gadgets,29
tracks,2
bikes,2
bedding,2
thinks,4
purus,2
cells,2
senator,13
zero,14
amusement,6
institutes,8
maverick,7
phone,7
triage,2
holistic,4
invincible,3
turquoise,3
pixel,5
thorn,3
oceanus,4
dwellings,10
extracts,8
maxwell,6
gradients,2
scanner,2
carbonates,6
bask,5
paterson,2
long,3
made,10
winters,2
brain,9
wed,3
seat,12
samen,3
chronicle,16
riverside,3
ibex,6
paradigm,8
maestros,19
sporty,2
copy,10
glowing,4
pillars,10
bake,7
ruth,5
broad,12
laffer,2
woks,3
quench,2
incite,2
wayne,3
guard,15
primary,9
make,6
convertors,5
vintners,17
holders,5
lins,4
hatcheries,8
hail,4
buddhist,2
vials,2
franchise,2
subway,2
transporters,13
fender,2
anus,11
saber,3
third,3
basics,7
combined,8
reid,35
taylor,34
depth,2
entertaining,2
verb,2
kurta,2
english,42
medium,24
angels,8
liverpool,6
breed,9
last,2
chance,3
lilliput,2
priceless,6
discount,5
autograph,21
airspeed,5
vanguard,7
manpower,29
consult,2
groover,3
catherine,11
barrel,2
meteor,2
ruler,2
shawl,6
pacha,7
jeans,7
bais,8
precisions,3
aviators,2
limousines,5
shaker,3
revive,4
puli,6
sourish,2
mamas,2
forwarded,2
emerge,9
senate,8
rend,2
lady,10
saul,4
kava,9
christ,2
rajpoot,30
groups,10
suva,5
munda,17
sakti,4
ano,88
sindhi,12
offsets,2
minor,2
cateres,6
importer,3
insecticides,3
arnold,10
lester,10
tat,4
logic,23
selar,5
hakeem,27
dis,2
edgar,2
satin,2
attractions,2
glen,2
interstate,7
main,7
garble,2
esses,2
essex,4
creams,4
disa,2
flooring,14
davis,13
wage,3
survey,3
rocky,25
weavers,3
magazines,2
infusions,2
godfather,2
parve,8
chopsticks,2
brick,5
toy,3
switch,25
ardent,3
song,2
needle,3
samba,6
eon,4
medline,2
leeway,27
gipsy,4
destinations,7
intelnet,2
enamel,2
bath,18
awesome,3
ana,5
adore,3
fulfill,2
saloon,9
evolve,3
vacations,5
asin,6
rodeo,2
specialists,3
celebrations,3
turkey,4
functions,2
scissors,4
hand,6
prawns,2
washing,2
email,1
cops,3
cinema,8
dona,3
costume,3
jewelleries,2
aces,3
bally,4
edifice,6
electroplaters,4
elvis,8
ramachandra,37
kudu,4
mighty,4
presidency,1
options,25
roosevelt,1
reaction,3
naturals,3
vitus,5
moharram,3
hinge,18
writers,2
seating,11
ela,1
counting,2
banger,4
scissor,1
biryani,5
transformation,1
jem,8
immense,4
landmarks,3
reinforce,3
steam,7
lullaby,3
need,1
arcades,3
enclaves,2
fusions,2
bruno,1
polaris,5
shannon,4
republican,1
althea,2
russian,1
kosher,1
wisdom,4
ignite,2
looms,1
facades,6
amok,1
leonard,5
cover,8
opportunity,2
aware,5
fate,2
locks,2
affordable,1
naomi,2
sounder,3
cabs,9
delicious,1
premix,1
transfer,9
papa,7
save,24
standards,9
certifications,7
exterior,2
sinner,1
arena,2
xerox,3
navigation,10
windmill,1
shoot,1
prs,4
proof,3
olympic,7
belly,2
latke,11
unites,3
visor,4
emission,3
ether,2
carvings,1
surfaces,1
grip,6
trend,7
weaverbirds,1
straw,1
strategies,1
investing,1
route,2
shaitan,8
bakshish,2
kms,2
ganesha,11
producer,8
deport,4
gaul,2
lade,13
transfers,1
cliff,4
ergo,3
foam,14
talkies,2
panorama,4
gratinges,1
cloud,21
airports,2
cube,8
decoration,13
virtuoso,3
kutch,6
houses,2
housekeeping,9
vex,1
woodworks,5
propanol,1
smelting,28
faddish,2
pantheon,1
hollywood,26
flurry,1
rosin,8
turpentine,6
kbs,5
rod,3
vintage,10
polishing,13
sofa,6
theme,4
atar,6
carpentry,6
zoom,22
scandent,1
montage,15
staunch,11
gari,9
todays,5
sphinx,3
knife,3
kola,8
belts,2
broiler,5
battery,10
lakeland,5
scaffold,1
boost,1
chanal,4
managements,2
grow,3
painter,8
infancy,2
glitters,2
seafoods,17
delhi,19
directors,3
fantastic,4
lingam,13
traffic,9
prakrit,1
plate,2
official,5
liquidator,5
malaya,10
rout,90
grey,2
kalki,2
maharani,8
cheery,1
precessions,1
paragliding,1
varnishing,1
prologue,1
annex,7
rosary,4
sunrays,4
ionic,2
onega,1
consort,2
capes,2
closer,1
mission,46
pepper,1
built,8
astral,40
ably,1
careers,4
matey,1
sera,13
waterways,1
shipyard,20
mps,3
boat,1
catalogue,2
fibrils,5
gratify,2
detail,2
cushion,1
covers,2
number,2
moment,3
pretty,5
stud,1
barman,35
theatre,7
bin,11
latu,3
fps,2
bam,9
desert,1
kota,10
optician,14
newton,6
customs,1
chute,4
speculum,2
paxton,1
octavian,1
farmer,3
flat,2
telugu,2
developes,3
seedlings,4
aurora,12
community,1
meals,3
retreat,14
asses,2
camellia,10
aerospace,1
daris,4
attentive,1
toon,1
prolong,4
tactful,1
retrieval,1
silica,1
chorus,3
archway,1
crushers,1
telecommunication,3
particle,1
shawls,9
brisk,2
brush,2
warm,9
sourcing,6
basic,3
prospect,4
soles,3
clinch,1
supersonic,3
darsana,3
bridal,2
aromatic,3
kingdom,2
goal,3
menu,3
rewards,1
vedic,3
eat,4
move,3
moon,27
stars,11
hydrocarbons,5
ripen,4
weave,3
bananas,1
contracting,3
thomson,8
aureate,1
rocket,9
merging,4
layers,3
layer,1
muscle,1
zaman,14
matriculation,6
success,6
plenum,1
lands,5
goldman,1
empress,2
crete,2
consultings,1
mere,6
pattern,5
article,1
snob,1
diner,2
shake,3
terminal,2
livestock,2
liquors,1
portable,3
cabin,2
seed,5
blade,1
achira,4
razorblade,1
enhance,1
paid,2
pesticide,5
gamer,3
grocery,2
boys,7
tote,4
herbs,7
rhd,3
checklist,1
advice,1
multiplex,8
parabolic,5
highlife,3
banian,2
usher,3
meltwater,1
connexions,2
isaiah,4
insight,3
reify,2
acropetal,2
teju,9
anas,19
spotlight,4
faradays,5
nissan,6
nisan,1
spotlights,2
skywards,4
adds,2
circuit,2
spell,1
bound,1
tux,1
asbestos,7
glory,26
roam,2
lifeline,13
loyalty,2
calyx,3
handsome,2
dag,7
shelve,1
learn,1
sponge,10
winning,1
magnetic,15
poultries,2
winds,5
extraction,2
weston,3
lucifer,3
pyxis,5
maxilla,2
thought,1
tabun,13
dragon,3
fees,1
banyan,15
sense,8
environment,7
venire,1
cosmic,13
cassettes,1
beat,1
legends,2
tractor,12
intellectual,4
precast,3
meandering,1
blueprint,1
cess,1
attract,1
hbs,11
device,2
show,9
stopper,1
manufacture,3
beta,41
mekong,1
auxin,1
tucker,2
wale,4
cinnamon,6
ambulance,2
clouds,2
tango,1
habitats,6
lets,1
necs,5
stressing,2
intelligent,2
stallion,2
capsule,1
heaven,2
train,2
kent,7
russell,2
dialysis,4
brattle,1
sang,1
site,1
earlier,1
names,1
highways,4
ams,7
applicant,42
timothy,8
chore,4
tractors,42
cambridge,14
laundry,1
tailoring,7
waste,3
cosmetic,6
said,17
aks,2
fix,2
gilbert,13
drink,4
mattresses,8
rule,1
kaki,2
bakery,19
hardwares,8
prim,1
stylish,3
gunny,3
child,2
gaskets,13
steps,6
clay,3
ant,6
mete,8
sheriff,7
mayan,1
glenn,5
jape,2
salaam,1
cameras,1
amman,18
diesels,2
spike,6
fabricator,11
holy,10
theaters,1
aec,1
freights,1
discipline,2
plotted,5
nursed,1
striker,1
binders,4
optic,4
spun,1
cityscape,1
fans,9
higher,10
carriage,1
worthwhile,1
photon,1
metre,2
granulate,4
lawrences,1
oracle,2
raies,3
corps,2
neem,3
sheik,13
evoke,1
warden,1
machineries,9
quartz,3
marquee,1
conditioners,2
refrigerant,1
zep,3
ada,24
socrates,1
moho,1
mystic,2
chickens,2
intimates,5
kindergarten,1
veracious,2
manis,6
elixir,2
chisel,2
fabian,8
daniels,3
wears,5
peters,6
praise,1
paddy,4
lake,3
cameo,4
concretes,2
centaurus,3
amusements,1
ranger,4
youth,8
candles,1
twenty,13
ask,7
dantes,2
kor,9
sell,1
parlour,10
charcoal,2
ins,1
topmost,1
rib,1
goma,5
sew,5
vagal,4
speak,1
puma,6
fortuna,3
auspicious,1
shaky,1
magnolia,2
mental,1
chug,4
pitta,12
ring,5
hani,2
chide,1
gland,1
silent,1
walk,3
monks,1
sudan,29
gone,6
ambler,3
roi,4
nepal,12
lave,3
purse,1
lance,1
sabot,1
carry,6
birthday,2
calypso,6
horticultures,2
parlor,3
wholesaler,1
deco,6
cobwebs,1
hake,11
gate,3
crockeries,1
bottles,2
cushions,1
khalif,4
rachel,4
rude,3
extreme,5
stimulus,2
cardinal,2
rocked,1
numerous,1
ayurveda,2
conveyor,2
eats,1
renovators,1
sadat,4
pare,4
alone,2
virgin,6
signages,4
rajas,6
tetri,1
ode,6
esaki,1
audios,1
vigours,2
staple,1
medicos,15
bryan,2
reeve,1
delights,4
delivery,2
solstice,1
covering,1
swad,2
tad,6
enjoy,2
sweet,34
hadal,4
bura,1
chinese,6
tandoor,1
carpenters,2
burger,1
madras,9
saver,1
jabed,1
darjeeling,2
ropeway,2
brownish,1
electrodes,6
teamwork,5
constructors,1
soda,6
war,4
list,1
burma,1
bit,3
jinnah,3
dam,3
gobi,2
exacta,2
nixon,1
shape,8
transformer,5
fan,2
halal,1
tent,3
ans,3
confectionaries,1
full,2
sewing,8
servicing,3
baggages,1
sparkling,1
sally,3
skateboard,1
shelley,1
idiom,1
acacia,1
cluster,1
danu,3
paprika,1
snack,2
knack,1
xess,1
cork,3
beetroot,1
bistro,1
mem,1
bhutani,21
medicines,5
heels,1
belle,5
dawson,1
turk,10
finishing,4
durbar,1
oval,6
maars,1
moghul,2
jabalpur,1
preform,2
marys,1
feather,2
boating,2
foolish,2
hungry,1
authorizes,1
tip,7
toe,5
origins,1
somen,3
identity,1
chukka,4
shrike,2
bulb,4
heracles,1
drama,1
foundries,8
beats,2
shrine,1
spruce,1
gasket,2
pss,4
grantes,6
polar,1
penguin,2
shield,2
function,1
radiator,2
arise,2
unison,2
dance,1
greys,1
twelve,1
sds,2
engineerings,6
tanker,1
roots,4
nursery,6
princes,1
merit,5
customized,1
lutra,1
constructive,1
mesh,2
helium,1
vinson,1
matching,6
preach,1
als,1
surge,3
voltaic,1
caps,22
closers,1
cubicles,1
highschool,2
anode,3
tutorials,5
heft,7
decent,7
regional,8
mangrove,1
glorious,10
coaching,20
intimate,3
strainers,2
pressure,4
emergency,1
scapes,1
cleaning,1
derrick,3
diary,7
carmine,1
peeping,1
tom,3
astute,2
connectors,2
conservation,1
pie,3
planck,2
sparta,6
scholar,3
enterprising,2
sixty,9
pos,2
cogent,4
fiscal,6
appal,5
informatics,13
october,4
stall,1
retreats,2
fulgent,2
eternal,5
renewable,5
bran,1
convent,3
cylinders,1
therm,6
sparkler,2
aspen,2
tatus,1
nook,1
treatment,4
chilli,1
tuition,1
arlington,1
endurance,1
pear,1
publisher,2
worth,9
flash,6
imprints,1
scholars,1
dba,1
quarries,1
nuclear,6
fool,6
visage,1
everlasting,3
vino,7
villa,8
expat,5
healthy,5
birds,1
taste,3
curry,1
variants,1
entrepreneurial,1
code,14
handover,1
nomad,2
savior,1
lamps,2
lookout,1
ecg,2
clinical,10
agate,6
citrine,5
agility,3
hare,8
escapade,1
frontage,1
caters,4
catalog,1
tag,13
pearlescent,1
fenestration,2
endeavor,1
like,6
ostrich,4
plush,1
cad,2
cam,4
manns,1
charities,1
wools,2
oaks,1
coir,4
charge,2
flawless,1
vds,1
mitten,1
conservatives,1
aiglet,1
trauma,1
myriad,3
parking,1
bandana,7
gsr,2
castors,1
beltings,1
safeer,4
frontier,2
fertility,1
fuzzy,1
duck,1
galvanizer,3
terrace,1
exhibits,1
strawberry,1
steroids,1
hormones,1
china,11
pail,2
friday,7
institutions,3
luxe,1
lungi,1
lodge,2
thesaurus,1
superstar,4
paramedical,2
basalt,1
feature,1
collector,2
relocations,1
inner,1
lifes,2
dwellers,5
hips,1
curves,3
spandex,1
agra,4
feast,1
czar,1
shams,15
behalf,2
munchers,1
ross,4
curio,1
action,5
advertiser,4
hint,1
foresight,5
fragrance,3
jordan,4
loyal,9
adapa,3
tic,1
ridley,5
accountants,1
lagan,2
privilege,3
krypton,1
polyfoams,3
rankers,1
break,1
gigs,3
penguins,4
pious,2
kolkata,4
paton,5
agribusiness,1
alis,8
tiffin,2
medics,2
jelly,1
avenue,4
images,12
enliven,1
lsd,1
patted,2
visionary,1
malayalam,1
math,9
romulus,2
healing,4
morning,3
pram,4
emersion,4
freeze,1
incredible,2
jonathan,5
mon,3
vivas,2
reign,1
reedy,3
oath,2
stunning,1
tore,1
mauve,1
fracture,3
sade,2
decors,5
hearing,2
dogs,1
inscribe,1
branding,1
ornate,6
octane,1
cords,1
lazarus,7
roebuck,2
trailers,5
gardens,1
beam,2
asama,4
curtain,5
celestial,1
latte,1
furnace,2
igloo,1
apocalypse,1
elevation,3
bare,12
ahead,1
appeal,1
genomics,1
ares,5
spellbound,1
vitality,1
leaves,1
manoeuvre,1
phalanx,1
catalytic,1
mats,1
pollex,1
royals,1
instinct,1
phase,2
patient,1
vedas,1
provider,2
spencer,2
augustus,1
planning,1
dyers,4
runways,1
papal,3
jawan,2
shabbier,2
gabby,2
infants,2
raysing,2
collectives,2
carting,11
orss,4
roofings,4
somali,2
boot,3
needss,2
enterprisers,3
electromechanical,8
busy,2
hillary,5
eloquent,4
caesar,2
cairo,2
embroider,3
cyprian,4
hawks,2
snowbell,2
gritty,1
rack,1
enclosures,6
dubes,1
peace,1
takers,2
sharks,1
sandhi,3
abel,4
chevron,6
support,4
orderly,1
reductants,2
aas,5
octopus,1
wholesome,1
enterpriser,1
maid,4
vivacious,3
protector,1
sone,7
redder,1
chichi,1
derive,2
feathers,1
palates,1
meshes,1
museed,2
cape,2
valour,2
swash,2
convergence,4
dangle,15
sandal,2
rejoice,2
rides,3
pandar,3
matai,4
capitol,1
sanaa,2
moore,4
savara,1
monte,1
gluon,1
gimbal,6
lot,5
liquid,10
anderson,2
gull,5
marcuse,1
tipu,5
saved,1
tough,5
imported,1
pine,1
hajji,1
cashew,5
sores,3
chouse,4
uke,9
tangerine,2
dollar,2
mummy,2
kura,2
teaching,4
asap,1
suits,1
dory,1
wallpaper,1
plume,3
races,2
iyyar,3
atole,6
charless,4
cannon,4
salvation,2
cheep,1
mitchell,4
fatesing,1
baste,4
mom,9
chair,1
jung,1
sepal,3
hammed,4
bmr,1
baku,2
pavane,3
timers,1
grating,4
sarah,12
enshrine,2
sublime,1
lincoln,7
hin,1
acne,1
suffix,1
pools,2
alee,2
daylights,1
sight,3
cashing,1
drawing,2
gimmicks,7
drips,1
chadar,1
aquas,1
sirdar,1
salvaging,2
mithan,1
page,10
casing,1
playschool,2
epoxy,1
covert,1
sway,2
steal,2
imagine,1
chieftain,7
companion,3
syndicates,10
seltzer,1
visa,3
jati,4
began,4
till,1
president,4
bentonite,2
jangle,7
reuben,2
retorts,1
repairs,10
protect,14
blacksmith,4
june,14
glee,1
tissue,4
spinach,1
cheque,5
mudras,3
assisted,2
glitz,5
shaheed,6
brooms,1
barbate,1
dolce,2
extrude,3
movie,1
buffs,1
yam,2
anne,4
apogee,1
vent,1
ken,3
analytic,1
dane,5
rhino,1
sparking,1
wake,1
cps,1
triune,1
zippers,2
wan,3
conquest,2
hedgehogs,1
flowery,1
nostrum,2
carbons,2
prodigy,4
erie,1
routes,1
sincere,4
manges,1
wingspan,1
saddles,2
masa,1
lan,3
franklin,10
neb,3
linnet,1
patron,1
vehicles,4
race,1
generics,3
brit,10
finch,2
auction,1
altair,1
tms,1
twin,16
thole,2
grantings,1
tameer,2
skyward,1
proprieties,1
crescendo,1
tapioca,1
gat,4
retread,1
devising,1
corns,2
recall,3
airwave,1
banquetes,1
inside,1
outside,1
bungee,1
ashram,4
furry,2
drag,3
pane,2
sss,6
serene,4
bold,1
metallics,4
tourist,7
greedy,2
foodie,2
beck,3
roseate,1
conjoin,1
linux,1
dub,1
cain,2
progress,2
multifarious,1
servers,1
monk,4
greenwood,1
mentor,1
inflatable,1
alt,1
sakes,1
arss,12
productive,1
elfin,1
gats,1
kens,1
dealer,2
kalka,2
maestro,5
rockwell,2
credentials,1
mns,1
acropolis,1
concierge,1
pore,5
gelatin,1
sinks,4
theseus,1
inventions,1
vayu,1
conversion,4
voyages,2
faculty,1
root,1
hercules,4
journey,1
godspeed,1
valleys,1
mercy,11
machining,4
cake,2
bach,2
esthetic,1
humane,15
gps,2
jerrys,1
switchboard,1
novella,8
contrivers,1
winding,3
mexico,2
yoga,1
vigor,1
reliant,3
years,1
fossil,3
ang,1
goad,4
lifespan,3
dentistry,1
mans,2
watsons,6
pfc,1
clutch,1
ventilation,3
bush,3
combat,1
composts,1
automates,12
nutshell,2
pally,2
ges,4
doll,2
lenin,10
kannadas,2
portrait,2
pioneers,6
applicators,2
gsa,2
past,1
foreign,3
dynasty,3
oleo,2
barbecue,1
waxen,1
lightning,1
giraffe,7
sanity,1
bodhisattva,4
dwelling,4
kudos,28
moulded,1
wild,1
thymes,1
sanyasi,8
hemsing,7
gran,3
heal,3
curtains,1
lenses,2
impressive,5
milestones,2
joshua,12
robotics,1
passion,4
shakespeare,4
chemic,3
birls,1
alfresco,2
nationwide,3
mack,1
get,6
ora,1
raffles,1
retailers,7
wells,6
slash,3
silicons,8
dkm,1
blooming,6
treasurer,1
knot,2
wog,1
refining,8
aubergine,1
surprise,2
ono,1
intaglio,1
tetrahedron,1
woodland,2
buffet,1
ases,1
mls,2
spire,3
retreading,1
rode,18
jazz,4
vitrified,2
lasting,2
copiers,3
ecstasy,1
perky,1
iris,8
telly,7
druggist,1
cubic,2
hms,1
qatar,1
shirting,7
check,2
licensee,2
stag,1
applicants,1
showroom,5
shuting,1
fencing,1
nms,4
still,1
mole,2
gurkha,5
shiping,2
vanity,1
oxford,2
vogue,6
faithful,1
teak,1
multipurpose,5
volt,2
nisus,1
showtime,2
esm,2
thermoplastic,2
assaying,1
nepa,1
modesty,1
kinda,1
rpm,2
chimera,1
brinjal,1
novas,2
low,3
endeavour,2
grid,2
deals,6
mariners,2
extra,1
saman,5
yield,1
lavish,4
canteen,4
bayas,1
inflexion,1
jvs,1
egg,2
fairway,1
replay,1
vase,2
samer,7
cuttings,2
stockist,2
looking,1
rascals,1
motive,3
rebound,1
confectionary,1
sherlock,2
click,1
jrs,1
inverter,4
pyramids,2
messy,1
greeneries,2
pivotal,1
hangers,1
laban,1
moms,1
meal,1
costal,5
aby,4
different,1
dung,1
shied,1
fired,1
druges,1
shipment,2
cartons,3
slingshot,1
rampant,1
maris,3
shahs,1
sleep,1
adverting,1
versatile,3
bats,14
arrows,1
juniors,1
marketings,1
tali,1
uns,1
panacea,3
kami,2
nomads,1
hours,1
boon,5
hither,1
thither,1
hole,14
khadi,2
irs,1
sip,4
surf,1
borage,10
encase,1
sager,1
insole,1
bite,1
constriction,1
level,1
mister,2
ars,4
carex,2
terence,5
robertson,2
rocks,5
tap,1
waterfront,5
lodging,4
boarding,4
truly,4
hung,1
reagan,1
mantras,4
thymus,2
inspection,1
eugene,3
madake,4
bale,6
glaziers,2
genuine,3
mew,1
lasik,1
ally,4
muscovite,10
ashton,1
rom,2
hook,1
mollah,4
karate,1
annam,2
tas,3
venturees,1
bengals,2
carina,3
armour,2
sitta,1
graph,3
fife,1
artiste,1
excursions,1
origami,1
count,8
denier,8
gams,1
takeoff,1
martins,1
clove,1
entrepreneurs,1
oral,2
majors,4
forever,2
metering,7
combustion,1
oriya,1
dentals,1
johnny,3
corona,2
pastry,17
organize,4
kirk,5
palas,4
versing,1
jones,1
dongle,1
bop,2
kuki,1
litmus,2
admire,1
pitts,1
babies,2
revet,1
grabs,1
delve,1
hitler,1
pilar,1
zip,1
set,2
ache,1
clyde,1
flashlights,3
rage,2
starr,1
tectonic,1
yogic,1
esther,3
coach,1
sidling,1
flora,7
artisans,1
milky,2
shamash,1
chanting,2
tornado,1
channels,1
galleries,2
outsource,1
glitter,2
racy,1
regain,1
atelier,2
cute,4
ploy,1
liberal,17
relative,1
jason,6
linings,1
virtual,4
pearls,8
fins,2
cinch,4
leapfrog,2
arizona,5
exteriors,1
shot,1
formats,1
climate,1
lisbon,1
jems,1
guns,1
northwest,1
atlantis,1
nervis,1
roberts,2
pcp,1
parade,5
leap,2
frog,1
oss,6
relocation,1
walker,1
packings,2
platers,1
ratchet,2
leys,5
bunking,1
saipan,6
tune,2
vinyls,2
shina,2
gym,3
bespoke,5
schmidt,1
vocation,1
holly,1
perform,1
feed,4
sherry,2
sampling,2
esp,8
lifter,4
pater,4
ferry,1
oxide,1
motorcycle,2
mayor,2
teddy,2
welkin,1
agal,2
mobility,5
common,1
head,4
nash,3
krebs,3
organ,2
jensen,1
shoji,2
elam,3
carnation,1
biotechnologies,4
bur,3
gents,1
dutch,1
organise,2
motel,4
seta,4
proper,1
proline,1
dorado,1
elm,24
heaters,12
enid,1
side,2
fitter,2
pax,3
logics,3
coolers,12
clothesline,1
ghana,4
exit,1
slider,8
bunny,3
bees,1
amazing,4
macrocosm,2
chasses,4
runway,1
heals,1
kind,1
yummy,1
alums,1
psi,2
assess,1
knitters,8
lamb,4
dickie,5
rajah,1
manchester,1
bill,1
gurus,1
sofia,2
zeus,2
houghton,2
fidelity,6
saffrons,1
wrappers,1
hunt,3
retract,3
coria,1
ramsons,1
asthma,1
benison,1
gomas,1
banker,3
hemlines,2
shuttle,2
pep,1
corrugated,2
cider,3
lops,1
kitty,1
innervate,2
cubes,5
gravure,1
basin,1
loops,1
tailors,5
absorbent,1
fixity,2
tipple,1
planation,1
canon,2
copier,2
vaisya,2
judge,5
chop,1
toss,7
gamma,2
sheer,1
risen,3
zapata,1
safar,8
sherwood,1
infotainments,1
wadding,2
less,2
season,12
crosse,1
dipping,1
medicaments,1
preteen,1
inspiration,1
pathological,2
programmed,1
lancet,1
carpet,8
tutu,2
plumber,4
polyvalent,1
brigid,5
mushrooms,1
matte,3
alar,1
merlin,2
advocate,1
makalu,1
hearts,2
dropped,2
deleted,1
kiddy,1
sisters,3
artificer,2
hacienda,2
goldsmith,2
chilling,1
webb,1
kabul,1
plantation,11
speedy,1
sixth,3
wending,1
cardiovascular,1
cybele,5
reunion,1
mica,2
dials,1
salute,1
vans,1
buying,1
goody,1
sister,1
immigration,2
nims,3
therapy,1
pagoda,1
forests,1
authorise,2
hallmark,3
mast,4
arcess,1
norris,1
arces,1
applications,2
holographic,1
marking,1
voice,1
camp,4
trays,1
fabrications,3
olympus,4
veritable,1
educations,2
adorable,1
waterproof,1
aus,3
usa,2
vascular,2
engineered,1
ethos,3
taxation,1
mindset,2
bench,2
fork,5
sealers,1
presto,5
tigon,2
agencys,1
developerss,2
rupees,2
sealings,1
woman,2
student,3
scaling,1
university,3
mug,1
aspiration,1
planner,2
berrys,2
banal,1
mao,2
saidas,1
allis,3
eclats,1
dcs,4
goldfinch,1
vehicle,2
inputs,2
matrixs,1
hands,2
savor,1
modem,2
tuitions,1
fahrenheit,1
ignited,2
metric,1
tribe,1
ukraine,4
livingston,2
craftsman,8
manual,1
conn,2
solon,3
plumbers,3
sudra,1
shank,1
greene,3
creativity,1
generator,1
transform,1
jss,1
compiler,3
innovators,1
cellulose,1
guar,2
confident,1
client,1
lord,5
ore,3
anatolia,3
eminent,2
kite,3
fore,4
taxi,3
propaganda,1
emg,1
map,1
pigeon,3
functional,1
senators,3
placements,1
propertied,1
provisional,1
piper,3
kts,1
pauline,5
oneness,1
chromates,2
dhavas,2
dexter,3
pas,2
empyrean,1
tiny,1
champions,1
refer,1
hatchery,9
lethe,4
bonito,3
hakka,5
sarape,1
due,1
savannah,1
chillies,1
champagne,27
tame,1
petal,3
lena,1
sector,1
albuquerque,7
genetic,6
lockers,1
lotte,3
perfume,1
biomedicine,1
photovoltaic,1
stay,1
trainer,1
grit,1
telecommunications,8
studious,1
ricardo,1
candida,3
digger,2
unified,1
musical,2
bihar,1
gulu,9
jasper,2
pollux,2
aircraft,1
crasher,1
galore,1
fishery,1
eight,1
han,13
strake,1
santos,1
content,2
fila,1
bloch,4
windings,1
tectonics,3
piece,2
masterpiece,1
denver,1
burgeon,1
donatus,3
switches,1
sonny,3
excavator,2
maven,2
totem,1
warlock,1
cassandra,1
velar,2
epicenter,1
johns,1
palled,2
mam,5
cheat,1
gaded,3
polytechnic,1
search,1
drill,1
mine,4
futures,1
woodcrafts,1
swab,1
swabs,1
trimss,1
ape,1
venn,1
friction,1
hunan,1
putty,1
sida,3
plum,1
terse,2
fraternity,1
warders,1
apiary,1
ala,9
lid,1
sleeping,1
gums,1
mufti,4
egbert,2
doss,1
sex,1
shabu,2
virginia,4
het,4
jester,1
schemes,1
mutton,1
carp,1
develop,3
borges,4
metropolitan,1
dirk,1
airflow,4
lithe,1
peru,1
villas,1
daba,3
groves,1
lobe,1
reel,3
binary,5
syringe,9
modification,1
huff,1
taras,2
caravan,1
hedge,4
refined,4
grills,1
annes,1
tins,1
daraves,1
goddam,1
princeton,1
indris,1
conditioner,1
articles,2
fleming,1
baser,2
independent,7
nepali,8
rubed,1
anselm,2
iranian,3
alkaline,1
spree,1
shamen,1
macon,1
romeo,5
rather,6
julies,2
johnsons,1
edition,1
mediatrix,4
planting,1
butte,5
uncle,1
iraqi,1
isabella,1
pasang,1
petters,1
liza,2
toms,1
concourse,2
face,3
modes,1
qualified,1
redevelopment,5
bevel,11
corn,1
folk,9
variant,1
transcription,1
trinidad,1
rosa,1
winfred,1
vaishnava,1
nyss,1
makin,3
evince,1
candies,2
toffees,2
christie,1
dreamland,3
purity,1
sugarcane,1
conferences,1
responsive,1
aplomb,2
tanneries,3
tala,1
cholera,1
reflection,3
dipped,1
aromas,1
classses,2
musk,3
globes,2
bills,1
constellation,5
bel,6
dss,2
harbinger,1
strings,2
concerned,1
pommys,1
chinch,2
mos,2
arks,1
dentist,1
intern,3
goldfish,2
cheaper,1
shoping,1
experience,1
washers,3
cress,2
novelties,5
warriors,1
tie,2
hassam,1
uniform,2
anthonys,1
katari,4
thines,1
nard,2
vocational,2
santiago,3
climax,1
setters,1
trave,1
thompson,3
footmark,3
balas,1
palmate,1
chow,3
bathe,3
icy,1
biz,7
objects,2
recreation,3
bullet,1
tanzim,1
pale,3
arafat,3
indians,1
lead,4
ensign,1
alms,1
advances,1
handwork,1
mitt,1
vox,1
nephews,1
daffodil,2
schema,1
cheap,1
skate,1
mercator,1
landscape,4
epigram,2
vis,1
burnt,1
crust,1
manul,1
grains,2
technique,3
grove,3
ragi,1
reconstructive,1
retreads,1
sivas,2
workes,1
ris,3
hazard,1
lima,3
quirky,1
barrow,1
tors,6
brio,1
simplified,1
infant,1
jesus,1
church,1
critical,4
hollow,1
say,2
dignity,1
skanda,1
dale,5
saner,1
journeys,1
thule,3
dolphins,1
divan,4
brooklyn,1
warty,8
cas,2
charade,1
alphas,2
sap,3
ramona,3
amon,2
bata,3
wary,1
defining,2
dancer,2
karats,5
nazi,3
varna,1
photographer,1
archer,3
shaper,3
matchess,1
seafood,2
eurasia,1
galvani,1
amino,3
fines,1
sprinklers,2
mermaid,1
swing,1
aladdin,2
strum,1
along,1
tabs,2
dip,2
bulbul,3
sort,3
varese,3
rigs,1
exhibit,1
classy,1
tulsa,1
dna,7
conveying,3
modeling,1
waistband,1
portraits,1
neva,1
laminae,1
recorders,2
kvs,2
informal,1
blues,1
areca,1
embedded,2
netting,4
glazer,1
hash,1
framework,1
acoustics,2
section,1
magnesium,3
supper,1
alchemist,1
raining,1
stationer,4
theta,1
neurons,1
divisions,1
sold,3
participation,1
galvanising,2
tati,2
castles,1
labyrinth,1
cinematic,1
artist,1
emphasis,1
molding,10
gagarin,2
stardom,1
brake,10
agio,1
deltoid,1
kurus,1
ohm,3
meters,1
excavation,2
fourth,2
artemis,1
hose,1
sequel,1
pricess,1
ros,30
sparks,1
damn,1
terabyte,3
calves,1
varied,4
zeal,9
topspin,1
tatary,2
forgoings,1
pavilions,1
kaput,1
amun,1
japan,1
bored,1
bytes,1
jewelries,1
coaches,1
flange,1
tce,1
dess,1
cora,1
confections,2
compact,1
zns,1
nan,1
lay,1
pistons,2
mcs,2
mises,1
diams,1
noah,2
filtration,1
peak,2
perks,2
filter,1
pizza,4
pneumatic,1
riches,2
spirit,1
lattice,2
internationale,1
stick,10
apostle,1
test,3
kits,1
jail,1
woody,1
peri,3
nitrates,3
vergees,1
omen,4
kerbs,1
adroit,1
london,3
fun,1
latest,2
marquis,1
washington,1
resourceful,2
agni,1
fifth,2
orchard,2
feedback,2
universe,2
condensers,1
sphere,2
alchemy,1
printes,1
horace,1
elijah,1
ethical,3
alloyes,1
tribology,1
luther,1
audience,1
coy,1
pronto,2
altos,1
korea,1
bolts,1
nuts,1
wraps,5
coventry,2
contemporary,1
instrumentations,1
flanges,1
suras,1
kernel,1
abated,4
hostess,1
tacks,1
wirelesss,1
filament,3
herman,3
naphthol,10
warier,1
acre,1
minings,1
caste,1
cartoons,2
grant,2
contains,1
terpene,1
zap,2
farad,1
hirer,1
maxima,1
reckon,1
mms,1
texas,2
command,1
impel,1
dominion,2
pottery,1
minses,2
tubess,1
forestry,1
superstructures,2
ires,1
sections,1
pel,2
secures,2
assiduous,1
tycoons,3
onion,2
svr,7
scoot,1
mustang,1
transcend,1
sanctuary,1
reverse,1
adapt,1
seaway,1
teams,1
women,3
vend,1
package,1
ebs,1
wheeler,1
farees,1
blood,2
hope,2
atmosphere,1
magical,1
gad,1
salvage,1
presentations,1
lichi,1
logistical,1
phones,2
lure,1
launderette,2
consul,1
fabricated,1
skyscrapers,1
ski,1
jabber,2
pull,1
instant,4
workspace,1
illusions,1
naris,1
lendl,1
perth,1
march,2
colossus,1
niles,1
workbox,2
custodial,3
fruites,1
gibson,2
ceilings,4
pauli,1
baling,1
bower,2
shed,1
gmt,1
filed,1
excess,1
ponds,1
hush,1
puppies,1
intestate,1
tucking,1
minge,1
quit,1
apples,1
containess,2
padre,1
compressor,1
kasha,3
mink,1
aeronautical,2
kudus,3
anther,1
orrs,2
chiness,1
mare,2
liston,1
aare,1
pula,2
ful,1
lohan,2
manchu,1
soyas,1
correspondent,1
pop,1
glint,2
pastor,1
lode,1
sub,1
beria,1
pass,1
swarm,1
danger,2
dust,2
mara,1
mag,12
pandora,1
sad,2
sugi,1
lahar,1
rede,4
lain,1
chapati,1
tapass,1
lari,1
clark,1
tagore,8
badge,3
pichi,1
signatories,2
morale,8
kelly,2
samia,1
claver,2
madonna,1
gracie,2
pappi,2
rolls,2
dabas,1
bra,1
electroplating,1
bart,1
fakeer,1
nnes,1
posture,2
bat,1
moor,1
hagada,2
confidence,1
changan,1
trains,1
servicemen,1
kuru,1
emery,1
writ,2
sop,1
issue,1
bared,1
daughter,1
accused,17
ghat,3
networking,2
agua,1
crux,2
hydrocarbon,1
valency,1
rote,1
strident,1
refrigerants,2
nutritive,20
placement,1
res,1
apr,1
cli,1
tera,1
carss,1
drum,1
bob,3
transcendent,1
jagannatha,2
pics,2
scans,17
abbes,2
titian,3
grape,9
multicolor,8
entrust,1
religious,8
debonair,1
kandy,2
manat,2
sprout,2
garnet,3
lip,2
ilk,1
stereo,1
glue,1
weekly,1
vibes,1
nance,3
copal,1
investigation,2
prods,1
township,3
knitwears,4
volant,3
foster,1
kites,1
rbs,2
entertainer,3
hawaii,1
rachet,3
gel,1
lumber,2
opposite,1
connoisseurs,4
verve,2
met,2
guarantor,5
schweitzer,1
turners,1
sandes,1
malmo,4
degrees,1
marge,1
ane,1
appliancess,1
hydrazine,1
marriages,1
supplementary,2
potteries,1
diabetes,1
traditional,2
sizing,1
belled,1
charlotte,1
luke,2
shammer,1
interval,1
golfers,4
taker,1
gur,2
vitamins,1
melange,1
cinematography,1
slide,9
emperor,2
fat,1
ripples,1
bota,3
oswald,7
stile,2
laminator,1
bimetal,1
sakkara,2
fridge,2
sabra,3
patriot,2
reclaim,1
parana,1
bangle,1
thirteen,2
kinds,1
arava,1
dahlia,2
lat,1
ens,1
baggage,1
want,1
freeman,1
churchill,1
esteem,6
dod,1
suffice,1
valid,1
grandson,1
radical,1
convoy,1
icc,1
nara,3
cry,1
seasonal,1
emu,1
arctic,1
breeding,1
poper,1
symbol,1
segal,4
cheese,2
cater,1
plates,1
forwardes,2
installation,1
faraway,3
engine,1
smilax,1
calis,1
nada,3
button,1
sundersing,2
gorge,3
guinea,1
rare,1
flory,1
fairy,1
recap,1
kirpan,1
nascent,1
rest,1
travellers,6
conrad,2
cardholder,3
deepen,1
dressess,1
babus,1
dame,2
lino,1
powerful,1
riders,3
hour,1
waist,1
geneva,1
spar,1
sated,2
madia,1
luce,2
installations,6
ganja,1
chang,1
britt,1
dining,1
sniper,1
bald,1
seafowl,1
numeric,1
tennessee,1
diemaker,1
screens,1
leander,3
earn,1
banes,1
wellington,1
telemarketing,2
revolution,4
response,1
selective,2
classess,1
broadway,2
wizard,2
herbert,3
tokay,1
judes,1
prims,1
galss,1
dayspring,1
adsorbent,2
handlers,2
promoter,1
endow,1
flush,2
booms,1
goldstone,1
somalia,1
ambo,5
porte,1
ezekiel,1
conference,1
organisers,1
annunciation,1
trojan,1
ferns,1
granulation,2
lange,2
mexican,1
sterile,1
satan,3
modal,3
mandate,1
phosphate,1
damp,1
mountings,1
orssss,1
fores,1
engravers,1
floriculture,2
relish,1
wreckers,3
mechanics,3
minas,2
even,2
cryogenics,2
applied,4
embodiments,2
gallant,1
gasses,1
swifts,1
maintainers,1
aquarius,1
perch,1
keen,1
tyson,1
remark,1
robust,1
samhita,1
brahmaputra,1
basra,2
pavement,1
phantasy,1
titanium,3
tantalum,2
beaut,1
bitter,1
rampion,1
garages,3
flexs,1
butter,1
toupe,1
contents,1
bug,1
solid,2
signs,1
tranquil,1
vesta,1
imaginations,1
exceed,2
sunup,1
pad,1
fresco,1
bowl,1
kingly,1
fact,1
ericas,1
seen,1
ramp,1
flu,1
inka,3
pimenta,1
scooters,2
colonizers,1
sheep,1
soler,1
slotted,4
angles,3
ding,1
twins,1
multiphase,1
seashell,1
melville,1
proteus,1
rosewood,1
contraction,1
rust,1
arjuna,2
aliens,1
ships,3
muharram,1
apsis,1
gadaba,1
basia,2
rommel,1
enzyme,1
salvo,1
ker,1
ogre,1
paisa,2
highland,1
eyes,1
contour,1
yss,1
balarama,1
technologys,1
ron,1
shareed,1
litu,1
sambar,1
nab,1
mangle,1
nett,1
grease,1
joinery,1
cornel,2
tithe,2
benin,1
hutton,1
fating,4
maliks,1
latish,2
florida,3
burner,3
mandola,1
aves,2
banshee,1
loge,1
karen,1
ver,1
waster,1
achilles,1
phenomenal,1
hood,2
religion,2
condition,1
chou,2
kamba,2
plumb,1
camouflage,1
hoist,1
revel,1
assembling,2
precising,1
dobra,1
crispin,1
mango,3
clubes,1
tots,1
trademark,1
grim,1
baya,2
weaver,2
catwalk,1
founder,1
advertise,1
lyon,2
casters,1
liters,3
milks,1
tib,1
eldorados,1
discover,4
khat,1
task,1
stands,1
salons,1
cgs,1
daphne,1
pars,1
cooks,1
jeremiah,2
bison,1
travelers,1
marconi,1
betting,1
rayes,3
perry,2
hitch,1
muddy,1
simeon,1
serives,4
perpetual,4
lace,1
done,2
bellows,1
duff,1
promise,1
forgoes,1
labours,1
loon,3
toter,1
nihil,3
dms,1
resonant,2
ores,1
littoral,1
oto,6
organises,1
decant,1
accessory,1
envisage,1
twinkles,1
magi,1
kimberley,1
hale,1
version,1
working,1
groupes,1
venue,1
swart,1
der,2
integrate,1
thermoplastics,1
dest,1
shards,1
tnt,2
spherical,1
keyer,1
falser,1
deliver,1
arcked,1
ramie,1
faraday,1
anuran,1
nave,2
stephens,1
parka,1
fulls,1
formess,1
swam,1
allay,1
eminence,3
tress,1
carews,1
guide,1
agras,4
jacobs,1
poke,1
kauri,1
gao,1
ido,1
condor,1
tow,1
cryogenies,1
flyover,1
frances,1
ravers,1
sobers,2
scintilla,1
allays,1
helena,1
brawn,3
businesss,1
machiness,1
samara,1
cocoon,2
softy,1
patras,1
paise,1
acuity,1
yogin,1
basle,1
prance,1
vicissitude,1
passim,1
tarpan,1
ags,3
simple,2
towings,1
wive,1
productss,1
constantine,1
adman,1
kalif,1
dois,1
inst,1
malt,1
yon,1
kills,1
katar,1
asat,1
malar,1
incentive,2
asio,1
put,1
televisions,1
sash,1
shaded,1
tourists,1
shim,1
hams,1
sian,2
sapient,1
rape,1
workplace,1
galan,1
lee,1
luba,1
gayal,1
poor,2
odd,2
kishar,1
navy,1
fletcher,1
dab,1
savin,1
naiki,1
ulva,2
claret,1
sherpa,2
magenta,1
derby,1
scoria,1
rackers,1
maloti,1
marker,1
iraki,1
pekan,1
faker,1
boxes,1
fake,1
pica,1
robins,1
dare,1
tung,1
mashi,2
meteoric,1
plasticizer,3
marvellous,1
binder,1
insulators,1
lignite,1
starlight,1
potty,1
superfine,1
faster,1
pates,2
gale,1
dingo,1
bassi,1
kach,1
bloc,1
lief,1
waterproofing,3
horta,1
sweeter,1
ochoa,1
lentils,1
gram,2
flux,1
inspirations,1
jibs,4
urs,1
gogol,1
tanga,1
server,1
raise,1
wane,2
chad,1
sour,1
bash,1
garfield,1
bey,1
nim,2
hulas,1
gaddi,1
mazer,1
haw,1
pry,1
teres,1
single,1
mullah,1
viola,2
troy,2
sabin,1
gondi,1
anal,1
cornell,1
mores,1
dyed,1
patty,1
rate,1
woollens,1
subed,1
liana,1
urss,1
reward,1
acholia,1
bas,1
dank,1
salvia,1
hela,1
barb,1
merry,1
mader,1
marias,1
shire,1
pillar,1
mola,1
pupa,1
maw,1
jong,1
sober,1
tun,1
sanger,1
koch,1
whizz,1
marathon,1
lowell,1
bahai,1
massive,1
tiller,1
pall,1
pasta,1
anjous,1
mike,1
hume,1
orbital,1
chin,1
logos,1
grammar,1
grandmother,1
marry,1
simons,1
jot,1
keystone,1
zeno,2
madrid,1
willis,1
tapa,1
tristan,8
lute,2
amerind,1
immortal,1
pause,1
leva,1
aurelius,2
pope,1
aire,3
buy,1
mastermind,1
dished,1
ends,1
udas,1
tacker,1
sent,3
dewey,1
nippy,2
vanish,1
puke,1
murphy,5
null,1
manilla,1
beryl,1
jags,1
swale,1
lancer,1
loyola,1
mahler,1
crate,1
fargo,1
dessert,1
vendor,1
hashish,1
saxe,1
refiners,1
shill,1
domingo,1
rivera,2
liquified,1
gass,1
naja,1
crackers,1
sere,1
sore,1
babas,1
pickles,1
ref,1
icecream,1
pressed,1
beaching,2
megabyte,1
midlands,1
acclaim,6
dialog,5
alacrity,1
blacksmiths,2
compounds,1
ashir,1
wrap,1
military,3
bread,1
daub,1
mammon,1
butyl,1
plexus,1
mansfield,1
assurance,1
feds,3
laminar,3
batna,1
truthful,1
nevada,1
allys,1
plasticizers,1
spatial,1
conductor,1
loverly,1
sulphates,1
ambrosia,1
bard,1
wizards,1
schematic,2
cent,1
saddlery,1
diverse,1
hydrogen,1
checker,1
spinner,1
note,1
glassware,1
spoken,1
flames,1
advertiseing,1
troika,1
aquiline,1
bes,1
nevis,1
passport,1
catcher,1
shackle,1
balls,1
